"","country_name","year","ccodecow","country_id","infcap_pca","infcap_irt","statagency","census","first_moderncensus","register_based_census","yearbook_published","yearbook_coverage","civreg","popreg","statag_intro","censusgraded_ability","ybcov_ability"
"1","Afghanistan",2000,700,36,0.183221057057381,0.271434992551804,1,0,NA,0,NA,0,0,0,1,0,0
"2","Afghanistan",2001,700,36,0.183221057057381,0.271434992551804,1,0,NA,0,NA,0,0,0,1,0,0
"3","Afghanistan",2002,700,36,0.183221057057381,0.271434992551804,1,0,NA,0,NA,0,0,0,1,0,0
"4","Afghanistan",2003,700,36,0.365483462810516,0.373852610588074,1,0,NA,0,1,1,0,0,1,0,10
"5","Afghanistan",2004,700,36,0.365483462810516,0.373852610588074,1,0,NA,0,1,1,0,0,1,0,10
"6","Afghanistan",2005,700,36,0.365483462810516,0.373852610588074,1,0,NA,0,1,1,0,0,1,0,10
"7","Afghanistan",2006,700,36,0.365483462810516,0.373852610588074,1,0,NA,0,1,1,0,0,1,0,10
"8","Afghanistan",2007,700,36,0.365483462810516,0.373852610588074,1,0,NA,0,1,1,0,0,1,0,10
"9","Afghanistan",2008,700,36,0.365483462810516,0.373852610588074,1,0,NA,0,1,1,0,0,1,0,10
"10","Afghanistan",2009,700,36,0.365483462810516,0.373852610588074,1,0,NA,0,1,1,0,0,1,0,10
"11","Afghanistan",2010,700,36,0.365483462810516,0.373852610588074,1,0,NA,0,1,1,0,0,1,0,10
"12","Afghanistan",2011,700,36,0.365483462810516,0.373852610588074,1,0,NA,0,1,1,0,0,1,0,10
"13","Afghanistan",2012,700,36,0.365483462810516,0.373852610588074,1,0,NA,0,1,1,0,0,1,0,10
"14","Afghanistan",2013,700,36,0.365483462810516,NA,1,0,NA,0,1,1,0,0,1,0,10
"15","Afghanistan",2014,700,36,0.365483462810516,NA,1,0,NA,0,1,1,0,0,1,0,10
"16","Afghanistan",2015,700,36,0.365483462810516,NA,1,0,NA,0,1,1,0,0,1,0,10
"17","Argentina",2000,160,37,0.903998732566834,0.794492185115814,1,0,NA,0,1,1,1,1,1,20,10
"18","Argentina",2001,160,37,0.903998732566834,0.794492185115814,1,1,NA,0,1,1,1,1,1,20,10
"19","Argentina",2002,160,37,0.903998732566834,0.794492185115814,1,0,NA,0,0,1,1,1,1,20,10
"20","Argentina",2003,160,37,0.903998732566834,0.794492185115814,1,0,NA,0,1,1,1,1,1,20,10
"21","Argentina",2004,160,37,0.903998732566834,0.794492185115814,1,0,NA,0,1,1,1,1,1,20,10
"22","Argentina",2005,160,37,0.903998732566834,0.794492185115814,1,0,NA,0,1,1,1,1,1,20,10
"23","Argentina",2006,160,37,0.903998732566834,0.794492185115814,1,0,NA,0,1,1,1,1,1,20,10
"24","Argentina",2007,160,37,0.903998732566834,0.794492185115814,1,0,NA,0,1,1,1,1,1,20,10
"25","Argentina",2008,160,37,0.903998732566834,0.794492185115814,1,0,NA,0,1,1,1,1,1,20,10
"26","Argentina",2009,160,37,0.903998732566834,0.794492185115814,1,0,NA,0,1,1,1,1,1,20,10
"27","Argentina",2010,160,37,0.903998732566834,0.794492185115814,1,1,NA,0,1,1,1,1,1,20,10
"28","Argentina",2011,160,37,0.903998732566834,0.794492185115814,1,0,NA,0,1,1,1,1,1,20,10
"29","Argentina",2012,160,37,0.903998732566834,0.794492185115814,1,0,NA,0,1,1,1,1,1,20,10
"30","Argentina",2013,160,37,0.903998732566834,NA,1,0,NA,0,1,1,1,1,1,20,10
"31","Argentina",2014,160,37,0.885772526264191,NA,1,0,NA,0,0,0,1,1,1,20,9
"32","Argentina",2015,160,37,0.867546260356903,NA,1,0,NA,0,0,0,1,1,1,20,8
"33","Australia",2000,900,67,0.729840934276581,0.605071723461151,1,0,NA,0,1,1,1,0,1,20,10
"34","Australia",2001,900,67,0.729840934276581,0.605071723461151,1,1,NA,0,1,1,1,0,1,20,10
"35","Australia",2002,900,67,0.729840934276581,0.605071723461151,1,0,NA,0,1,1,1,0,1,20,10
"36","Australia",2003,900,67,0.729840934276581,0.605071723461151,1,0,NA,0,1,1,1,0,1,20,10
"37","Australia",2004,900,67,0.729840934276581,0.605071723461151,1,0,NA,0,1,1,1,0,1,20,10
"38","Australia",2005,900,67,0.729840934276581,0.605071723461151,1,0,NA,0,1,1,1,0,1,20,10
"39","Australia",2006,900,67,0.729840934276581,0.605071723461151,1,1,NA,0,1,1,1,0,1,20,10
"40","Australia",2007,900,67,0.729840934276581,0.605071723461151,1,0,NA,0,1,1,1,0,1,20,10
"41","Australia",2008,900,67,0.729840934276581,0.605071723461151,1,0,NA,0,1,1,1,0,1,20,10
"42","Australia",2009,900,67,0.729840934276581,0.605071723461151,1,0,NA,0,0,1,1,0,1,20,10
"43","Australia",2010,900,67,0.729840934276581,0.605071723461151,1,0,NA,0,1,1,1,0,1,20,10
"44","Australia",2011,900,67,0.729840934276581,0.605071723461151,1,1,NA,0,0,1,1,0,1,20,10
"45","Australia",2012,900,67,0.729840934276581,0.605071723461151,1,0,NA,0,1,1,1,0,1,20,10
"46","Australia",2013,900,67,0.711614728,NA,1,0,NA,0,0,0,1,0,1,20,9
"47","Australia",2014,900,67,0.69338846206665,NA,1,0,NA,0,0,0,1,0,1,20,8
"48","Australia",2015,900,67,0.675162255764008,NA,1,0,NA,0,0,0,1,0,1,20,7
"49","Austria",2000,305,144,0.729840934276581,0.605071723461151,1,0,NA,0,1,1,1,0,1,20,10
"50","Austria",2001,305,144,0.729840934276581,0.605071723461151,1,1,NA,0,1,1,1,0,1,20,10
"51","Austria",2002,305,144,0.903998732566834,0.794492185115814,1,0,NA,0,1,1,1,1,1,20,10
"52","Austria",2003,305,144,0.903998732566834,0.794492185115814,1,0,NA,0,1,1,1,1,1,20,10
"53","Austria",2004,305,144,0.903998732566834,0.794492185115814,1,0,NA,0,1,1,1,1,1,20,10
"54","Austria",2005,305,144,0.903998732566834,0.794492185115814,1,0,NA,0,1,1,1,1,1,20,10
"55","Austria",2006,305,144,1,1,1,1,NA,1,1,1,1,1,1,30,10
"56","Austria",2007,305,144,1,1,1,1,NA,0,1,1,1,1,1,30,10
"57","Austria",2008,305,144,1,1,1,1,NA,0,1,1,1,1,1,30,10
"58","Austria",2009,305,144,1,1,1,1,NA,0,1,1,1,1,1,30,10
"59","Austria",2010,305,144,1,1,1,1,NA,0,1,1,1,1,1,30,10
"60","Austria",2011,305,144,1,1,1,1,NA,1,1,1,1,1,1,30,10
"61","Austria",2012,305,144,1,1,1,1,NA,0,1,1,1,1,1,30,10
"62","Austria",2013,305,144,1,NA,1,1,NA,0,1,1,1,1,1,30,10
"63","Austria",2014,305,144,1,NA,1,1,NA,0,1,1,1,1,1,30,10
"64","Austria",2015,305,144,1,NA,1,1,NA,0,1,1,1,1,1,30,10
"65","Belgium",2000,211,148,0.81286758184433,0.639697074890137,1,0,NA,0,NA,0,1,1,1,20,5
"66","Belgium",2001,211,148,0.890642524,0.780755758285522,1,1,NA,1,NA,0,1,1,1,30,4
"67","Belgium",2002,211,148,0.872416317462921,0.779994786,1,1,NA,0,NA,0,1,1,1,30,3
"68","Belgium",2003,211,148,0.854190051555634,0.779333293437958,1,1,NA,0,NA,0,1,1,1,30,2
"69","Belgium",2004,211,148,0.835963786,0.778774738311768,1,1,NA,0,NA,0,1,1,1,30,1
"70","Belgium",2005,211,148,0.817737579345703,0.770534813404083,1,1,NA,0,NA,0,1,1,1,30,0
"71","Belgium",2006,211,148,0.817737579345703,0.770534813404083,1,1,NA,0,NA,0,1,1,1,30,0
"72","Belgium",2007,211,148,0.817737579345703,0.770534813404083,1,1,NA,0,NA,0,1,1,1,30,0
"73","Belgium",2008,211,148,1,1,1,1,NA,0,1,1,1,1,1,30,10
"74","Belgium",2009,211,148,1,1,1,1,NA,0,1,1,1,1,1,30,10
"75","Belgium",2010,211,148,1,1,1,1,NA,0,1,1,1,1,1,30,10
"76","Belgium",2011,211,148,1,1,1,1,NA,1,1,1,1,1,1,30,10
"77","Belgium",2012,211,148,1,1,1,1,NA,0,1,1,1,1,1,30,10
"78","Belgium",2013,211,148,1,NA,1,1,NA,0,1,1,1,1,1,30,10
"79","Belgium",2014,211,148,1,NA,1,1,NA,0,1,1,1,1,1,30,10
"80","Belgium",2015,211,148,0.981773734092712,NA,1,1,NA,0,NA,NA,1,1,1,30,9
"81","Bolivia",2000,145,25,0.729840934276581,0.605071723461151,1,0,NA,0,1,1,1,0,1,20,10
"82","Bolivia",2001,145,25,0.729840934276581,0.605071723461151,1,1,NA,0,1,1,1,0,1,20,10
"83","Bolivia",2002,145,25,0.729840934276581,0.605071723461151,1,0,NA,0,1,1,1,0,1,20,10
"84","Bolivia",2003,145,25,0.729840934276581,0.605071723461151,1,0,NA,0,1,1,1,0,1,20,10
"85","Bolivia",2004,145,25,0.729840934276581,0.605071723461151,1,0,NA,0,1,1,1,0,1,20,10
"86","Bolivia",2005,145,25,0.729840934276581,0.605071723461151,1,0,NA,0,1,1,1,0,1,20,10
"87","Bolivia",2006,145,25,0.729840934276581,0.605071723461151,1,0,NA,0,1,1,1,0,1,20,10
"88","Bolivia",2007,145,25,0.729840934276581,0.605071723461151,1,0,NA,0,1,1,1,0,1,20,10
"89","Bolivia",2008,145,25,0.729840934276581,0.605071723461151,1,0,NA,0,1,1,1,0,1,20,10
"90","Bolivia",2009,145,25,0.729840934276581,0.605071723461151,1,0,NA,0,1,1,1,0,1,20,10
"91","Bolivia",2010,145,25,0.729840934276581,0.605071723461151,1,0,NA,0,1,1,1,0,1,20,10
"92","Bolivia",2011,145,25,0.894398629665375,0.653100073337555,1,0,NA,0,1,1,1,1,1,19,10
"93","Bolivia",2012,145,25,0.903998732566834,0.794492185115814,1,1,NA,0,1,1,1,1,1,20,10
"94","Bolivia",2013,145,25,0.885772526264191,NA,1,0,NA,0,NA,0,1,1,1,20,9
"95","Bolivia",2014,145,25,0.867546260356903,NA,1,0,NA,0,NA,0,1,1,1,20,8
"96","Bolivia",2015,145,25,0.84932005405426,NA,1,0,NA,0,NA,NA,1,1,1,20,7
"97","Brazil",2000,140,19,0.729840934276581,0.605071723461151,1,1,NA,0,1,1,1,0,1,20,10
"98","Brazil",2001,140,19,0.729840934276581,0.605071723461151,1,0,NA,0,1,1,1,0,1,20,10
"99","Brazil",2002,140,19,0.729840934276581,0.605071723461151,1,0,NA,0,1,1,1,0,1,20,10
"100","Brazil",2003,140,19,0.729840934276581,0.605071723461151,1,0,NA,0,1,1,1,0,1,20,10
"101","Brazil",2004,140,19,0.729840934276581,0.605071723461151,1,0,NA,0,1,1,1,0,1,20,10
"102","Brazil",2005,140,19,0.729840934276581,0.605071723461151,1,0,NA,0,1,1,1,0,1,20,10
"103","Brazil",2006,140,19,0.729840934276581,0.605071723461151,1,0,NA,0,1,1,1,0,1,20,10
"104","Brazil",2007,140,19,0.729840934276581,0.605071723461151,1,0,NA,0,1,1,1,0,1,20,10
"105","Brazil",2008,140,19,0.729840934276581,0.605071723461151,1,0,NA,0,1,1,1,0,1,20,10
"106","Brazil",2009,140,19,0.729840934276581,0.605071723461151,1,0,NA,0,1,1,1,0,1,20,10
"107","Brazil",2010,140,19,0.729840934276581,0.605071723461151,1,1,NA,0,1,1,1,0,1,20,10
"108","Brazil",2011,140,19,0.729840934276581,0.605071723461151,1,0,NA,0,1,1,1,0,1,20,10
"109","Brazil",2012,140,19,0.729840934276581,0.605071723461151,1,0,NA,0,1,1,1,0,1,20,10
"110","Brazil",2013,140,19,0.729840934276581,NA,1,0,NA,0,1,1,1,0,1,20,10
"111","Brazil",2014,140,19,0.729840934276581,NA,1,0,NA,0,1,1,1,0,1,20,10
"112","Brazil",2015,140,19,0.711614728,NA,1,0,NA,0,NA,NA,1,0,1,20,9
"113","Bukhara/Uzbekistan",2000,704,140,NA,0.326317489147186,NA,0,NA,NA,NA,0,1,0,NA,8,0
"114","Bukhara/Uzbekistan",2001,704,140,NA,0.324633091688156,NA,0,NA,NA,NA,0,1,0,NA,7,0
"115","Bukhara/Uzbekistan",2002,704,140,NA,0.323081254959106,NA,0,NA,NA,NA,0,1,0,NA,6,0
"116","Bukhara/Uzbekistan",2003,704,140,NA,0.321751236915588,NA,0,NA,NA,NA,0,1,0,NA,5,0
"117","Bukhara/Uzbekistan",2004,704,140,NA,0.320745289325714,NA,0,NA,NA,NA,0,1,0,NA,4,0
"118","Bukhara/Uzbekistan",2005,704,140,NA,0.319625198841095,NA,0,NA,NA,NA,0,1,0,NA,3,0
"119","Bukhara/Uzbekistan",2006,704,140,NA,0.318530470132828,NA,0,NA,NA,NA,0,1,0,NA,2,0
"120","Bukhara/Uzbekistan",2007,704,140,NA,0.317552119493484,NA,0,NA,NA,NA,0,1,0,NA,1,0
"121","Bukhara/Uzbekistan",2008,704,140,NA,0.238719835877419,NA,0,NA,NA,NA,0,1,0,NA,0,0
"122","Bukhara/Uzbekistan",2009,704,140,NA,0.238719835877419,NA,0,NA,NA,NA,0,1,0,NA,0,0
"123","Bukhara/Uzbekistan",2010,704,140,NA,0.238719835877419,NA,0,NA,NA,NA,0,1,0,NA,0,0
"124","Bukhara/Uzbekistan",2011,704,140,NA,0.238719835877419,NA,0,NA,NA,NA,0,1,0,NA,0,0
"125","Bukhara/Uzbekistan",2012,704,140,NA,0.238719835877419,NA,0,NA,NA,NA,0,1,0,NA,0,0
"126","Bukhara/Uzbekistan",2013,704,140,NA,NA,NA,0,NA,NA,NA,0,1,0,NA,0,0
"127","Bukhara/Uzbekistan",2014,704,140,NA,NA,NA,0,NA,NA,NA,0,1,0,NA,0,0
"128","Bukhara/Uzbekistan",2015,704,140,NA,NA,NA,0,NA,NA,NA,NA,1,0,NA,0,0
"129","Bulgaria",2000,355,152,0.903998732566834,0.794492185115814,1,0,NA,0,1,1,1,1,1,20,10
"130","Bulgaria",2001,355,152,0.903998732566834,0.794492185115814,1,1,NA,0,1,1,1,1,1,20,10
"131","Bulgaria",2002,355,152,0.903998732566834,0.794492185115814,1,0,NA,0,1,1,1,1,1,20,10
"132","Bulgaria",2003,355,152,0.903998732566834,0.794492185115814,1,0,NA,0,1,1,1,1,1,20,10
"133","Bulgaria",2004,355,152,0.903998732566834,0.794492185115814,1,0,NA,0,1,1,1,1,1,20,10
"134","Bulgaria",2005,355,152,0.903998732566834,0.794492185115814,1,0,NA,0,1,1,1,1,1,20,10
"135","Bulgaria",2006,355,152,0.903998732566834,0.794492185115814,1,0,NA,0,1,1,1,1,1,20,10
"136","Bulgaria",2007,355,152,0.903998732566834,0.794492185115814,1,0,NA,0,1,1,1,1,1,20,10
"137","Bulgaria",2008,355,152,0.903998732566834,0.794492185115814,1,0,NA,0,1,1,1,1,1,20,10
"138","Bulgaria",2009,355,152,0.903998732566834,0.794492185115814,1,0,NA,0,1,1,1,1,1,20,10
"139","Bulgaria",2010,355,152,0.903998732566834,0.794492185115814,1,0,NA,0,1,1,1,1,1,20,10
"140","Bulgaria",2011,355,152,0.903998732566834,0.794492185115814,1,1,NA,0,1,1,1,1,1,20,10
"141","Bulgaria",2012,355,152,0.903998732566834,0.794492185115814,1,0,NA,0,1,1,1,1,1,20,10
"142","Bulgaria",2013,355,152,0.903998732566834,NA,1,0,NA,0,1,1,1,1,1,20,10
"143","Bulgaria",2014,355,152,0.903998732566834,NA,1,0,NA,0,1,1,1,1,1,20,10
"144","Bulgaria",2015,355,152,0.885772526264191,NA,1,0,NA,0,0,0,1,1,1,20,9
"145","Canada",2000,20,66,0.711614728,0.52440220117569,1,0,NA,0,0,0,1,0,1,20,9
"146","Canada",2001,20,66,0.69338846206665,0.518162906169891,1,1,NA,0,0,0,1,0,1,20,8
"147","Canada",2002,20,66,0.675162255764008,0.514008939266205,1,0,NA,0,0,0,1,0,1,20,7
"148","Canada",2003,20,66,0.65693599,0.510816693305969,1,0,NA,0,0,0,1,0,1,20,6
"149","Canada",2004,20,66,0.638709783554077,0.508136451244354,1,0,NA,0,0,0,1,0,1,20,5
"150","Canada",2005,20,66,0.62048351764679,0.505801320075989,1,0,NA,0,0,0,1,0,1,20,4
"151","Canada",2006,20,66,0.729840934276581,0.605071723461151,1,1,NA,0,1,1,1,0,1,20,10
"152","Canada",2007,20,66,0.729840934276581,0.605071723461151,1,0,NA,0,1,1,1,0,1,20,10
"153","Canada",2008,20,66,0.729840934276581,0.605071723461151,1,0,NA,0,1,1,1,0,1,20,10
"154","Canada",2009,20,66,0.729840934276581,0.605071723461151,1,0,NA,0,1,1,1,0,1,20,10
"155","Canada",2010,20,66,0.729840934276581,0.605071723461151,1,0,NA,0,1,1,1,0,1,20,10
"156","Canada",2011,20,66,0.729840934276581,0.605071723461151,1,1,NA,0,1,1,1,0,1,20,10
"157","Canada",2012,20,66,0.729840934276581,0.605071723461151,1,0,NA,0,1,1,1,0,1,20,10
"158","Canada",2013,20,66,0.711614728,NA,1,0,NA,0,0,0,1,0,1,20,9
"159","Canada",2014,20,66,0.69338846206665,NA,1,0,NA,0,0,0,1,0,1,20,8
"160","Canada",2015,20,66,0.675162255764008,NA,1,0,NA,0,0,0,1,0,1,20,7
"161","Chile",2000,155,72,0.903998732566834,0.794492185115814,1,0,NA,0,1,1,1,1,1,20,10
"162","Chile",2001,155,72,0.903998732566834,0.794492185115814,1,0,NA,0,1,1,1,1,1,20,10
"163","Chile",2002,155,72,0.903998732566834,0.794492185115814,1,1,NA,0,1,1,1,1,1,20,10
"164","Chile",2003,155,72,0.903998732566834,0.794492185115814,1,0,NA,0,1,1,1,1,1,20,10
"165","Chile",2004,155,72,0.903998732566834,0.794492185115814,1,0,NA,0,1,1,1,1,1,20,10
"166","Chile",2005,155,72,0.903998732566834,0.794492185115814,1,0,NA,0,1,1,1,1,1,20,10
"167","Chile",2006,155,72,0.903998732566834,0.794492185115814,1,0,NA,0,1,1,1,1,1,20,10
"168","Chile",2007,155,72,0.903998732566834,0.794492185115814,1,0,NA,0,1,1,1,1,1,20,10
"169","Chile",2008,155,72,0.903998732566834,0.794492185115814,1,0,NA,0,1,1,1,1,1,20,10
"170","Chile",2009,155,72,0.903998732566834,0.794492185115814,1,0,NA,0,1,1,1,1,1,20,10
"171","Chile",2010,155,72,0.903998732566834,0.794492185115814,1,0,NA,0,1,1,1,1,1,20,10
"172","Chile",2011,155,72,0.903998732566834,0.794492185115814,1,0,NA,0,1,1,1,1,1,20,10
"173","Chile",2012,155,72,0.903998732566834,0.794492185115814,1,1,NA,0,1,1,1,1,1,20,10
"174","Chile",2013,155,72,0.903998732566834,NA,1,0,NA,0,1,1,1,1,1,20,10
"175","Chile",2014,155,72,0.903998732566834,NA,1,0,NA,0,1,1,1,1,1,20,10
"176","Chile",2015,155,72,0.885772526264191,NA,1,0,NA,0,NA,NA,1,1,1,20,9
"177","China",2000,710,110,0.729840934276581,0.605071723461151,1,1,NA,0,1,1,1,0,1,20,10
"178","China",2001,710,110,0.729840934276581,0.605071723461151,1,0,NA,0,1,1,1,0,1,20,10
"179","China",2002,710,110,0.729840934276581,0.605071723461151,1,0,NA,0,1,1,1,0,1,20,10
"180","China",2003,710,110,0.729840934276581,0.605071723461151,1,0,NA,0,1,1,1,0,1,20,10
"181","China",2004,710,110,0.729840934276581,0.605071723461151,1,0,NA,0,1,1,1,0,1,20,10
"182","China",2005,710,110,0.729840934276581,0.605071723461151,1,0,NA,0,1,1,1,0,1,20,10
"183","China",2006,710,110,0.729840934276581,0.605071723461151,1,0,NA,0,1,1,1,0,1,20,10
"184","China",2007,710,110,0.729840934276581,0.605071723461151,1,0,NA,0,1,1,1,0,1,20,10
"185","China",2008,710,110,0.729840934276581,0.605071723461151,1,0,NA,0,1,1,1,0,1,20,10
"186","China",2009,710,110,0.729840934276581,0.605071723461151,1,0,NA,0,1,1,1,0,1,20,10
"187","China",2010,710,110,0.729840934276581,0.605071723461151,1,1,NA,0,1,1,1,0,1,20,10
"188","China",2011,710,110,0.729840934276581,0.605071723461151,1,0,NA,0,1,1,1,0,1,20,10
"189","China",2012,710,110,0.729840934276581,0.605071723461151,1,0,NA,0,1,1,1,0,1,20,10
"190","China",2013,710,110,0.729840934276581,NA,1,0,NA,0,1,1,1,0,1,20,10
"191","China",2014,710,110,0.729840934276581,NA,1,0,NA,0,1,1,1,0,1,20,10
"192","China",2015,710,110,0.711614728,NA,1,0,NA,0,NA,NA,1,0,1,20,9
"193","Colombia",2000,100,15,0.903998732566834,0.794492185115814,1,0,NA,0,1,1,1,1,1,20,10
"194","Colombia",2001,100,15,0.903998732566834,0.794492185115814,1,0,NA,0,0,1,1,1,1,20,10
"195","Colombia",2002,100,15,0.903998732566834,0.794492185115814,1,0,NA,0,0,1,1,1,1,20,10
"196","Colombia",2003,100,15,0.894398629665375,0.653100073337555,1,0,NA,0,0,1,1,1,1,19,10
"197","Colombia",2004,100,15,0.884798527,0.651306986808777,1,0,NA,0,0,1,1,1,1,18,10
"198","Colombia",2005,100,15,0.903998732566834,0.794492185115814,1,1,NA,0,0,1,1,1,1,20,10
"199","Colombia",2006,100,15,0.903998732566834,0.794492185115814,1,0,NA,0,0,1,1,1,1,20,10
"200","Colombia",2007,100,15,0.903998732566834,0.794492185115814,1,0,NA,0,0,1,1,1,1,20,10
"201","Colombia",2008,100,15,0.903998732566834,0.794492185115814,1,0,NA,0,0,1,1,1,1,20,10
"202","Colombia",2009,100,15,0.903998732566834,0.794492185115814,1,0,NA,0,1,1,1,1,1,20,10
"203","Colombia",2010,100,15,0.885772526264191,0.652433216571808,1,1,NA,0,NA,0,1,1,1,20,9
"204","Colombia",2011,100,15,0.867546260356903,0.647447228431702,1,0,NA,0,NA,0,1,1,1,20,8
"205","Colombia",2012,100,15,0.84932005405426,0.644198715686798,1,0,NA,0,NA,0,1,1,1,20,7
"206","Colombia",2013,100,15,0.831093788146973,NA,1,0,NA,0,NA,0,1,1,1,20,6
"207","Colombia",2014,100,15,0.81286758184433,NA,1,0,NA,0,NA,0,1,1,1,20,5
"208","Colombia",2015,100,15,0.794641315937042,NA,1,0,NA,0,NA,NA,1,1,1,20,4
"209","Costa Rica",2000,94,73,0.903998732566834,0.794492185115814,1,1,NA,0,0,1,1,1,1,20,10
"210","Costa Rica",2001,94,73,0.903998732566834,0.794492185115814,1,0,NA,0,1,1,1,1,1,20,10
"211","Costa Rica",2002,94,73,0.903998732566834,0.794492185115814,1,0,NA,0,0,1,1,1,1,20,10
"212","Costa Rica",2003,94,73,0.903998732566834,0.794492185115814,1,0,NA,0,0,1,1,1,1,20,10
"213","Costa Rica",2004,94,73,0.903998732566834,0.794492185115814,1,0,NA,0,1,1,1,1,1,20,10
"214","Costa Rica",2005,94,73,0.903998732566834,0.794492185115814,1,0,NA,0,1,1,1,1,1,20,10
"215","Costa Rica",2006,94,73,0.903998732566834,0.794492185115814,1,0,NA,0,1,1,1,1,1,20,10
"216","Costa Rica",2007,94,73,0.903998732566834,0.794492185115814,1,0,NA,0,1,1,1,1,1,20,10
"217","Costa Rica",2008,94,73,0.903998732566834,0.794492185115814,1,0,NA,0,1,1,1,1,1,20,10
"218","Costa Rica",2009,94,73,0.903998732566834,0.794492185115814,1,0,NA,0,1,1,1,1,1,20,10
"219","Costa Rica",2010,94,73,0.894398629665375,0.653100073337555,1,0,NA,0,1,1,1,1,1,19,10
"220","Costa Rica",2011,94,73,0.903998732566834,0.794492185115814,1,1,NA,0,1,1,1,1,1,20,10
"221","Costa Rica",2012,94,73,0.903998732566834,0.794492185115814,1,0,NA,0,0,1,1,1,1,20,10
"222","Costa Rica",2013,94,73,0.903998732566834,NA,1,0,NA,0,1,1,1,1,1,20,10
"223","Costa Rica",2014,94,73,0.885772526264191,NA,1,0,NA,0,NA,0,1,1,1,20,9
"224","Costa Rica",2015,94,73,0.867546260356903,NA,1,0,NA,0,NA,NA,1,1,1,20,8
"225","Cuba",2000,40,155,0.633839726448059,0.492064952850342,1,0,NA,0,1,1,1,0,1,10,10
"226","Cuba",2001,40,155,0.6242396235466,0.478736072778702,1,0,NA,0,1,1,1,0,1,9,10
"227","Cuba",2002,40,155,0.729840934276581,0.605071723461151,1,1,NA,0,1,1,1,0,1,20,10
"228","Cuba",2003,40,155,0.729840934276581,0.605071723461151,1,0,NA,0,1,1,1,0,1,20,10
"229","Cuba",2004,40,155,0.729840934276581,0.605071723461151,1,0,NA,0,1,1,1,0,1,20,10
"230","Cuba",2005,40,155,0.711614728,0.52440220117569,1,0,NA,0,NA,0,1,0,1,20,9
"231","Cuba",2006,40,155,0.69338846206665,0.518162906169891,1,0,NA,0,NA,0,1,0,1,20,8
"232","Cuba",2007,40,155,0.729840934276581,0.605071723461151,1,0,NA,0,1,1,1,0,1,20,10
"233","Cuba",2008,40,155,0.729840934276581,0.605071723461151,1,0,NA,0,1,1,1,0,1,20,10
"234","Cuba",2009,40,155,0.729840934276581,0.605071723461151,1,0,NA,0,1,1,1,0,1,20,10
"235","Cuba",2010,40,155,0.729840934276581,0.605071723461151,1,0,NA,0,1,1,1,0,1,20,10
"236","Cuba",2011,40,155,0.729840934276581,0.605071723461151,1,0,NA,0,1,1,1,0,1,20,10
"237","Cuba",2012,40,155,0.729840934276581,0.605071723461151,1,1,NA,0,1,1,1,0,1,20,10
"238","Cuba",2013,40,155,0.729840934276581,NA,1,0,NA,0,1,1,1,0,1,20,10
"239","Cuba",2014,40,155,0.711614728,NA,1,0,NA,0,NA,0,1,0,1,20,9
"240","Cuba",2015,40,155,0.69338846206665,NA,1,0,NA,0,NA,NA,1,0,1,20,8
"241","Denmark",2000,390,158,1,1,1,1,NA,1,1,1,1,1,1,30,10
"242","Denmark",2001,390,158,1,1,1,1,NA,1,1,1,1,1,1,30,10
"243","Denmark",2002,390,158,1,1,1,1,NA,1,1,1,1,1,1,30,10
"244","Denmark",2003,390,158,1,1,1,1,NA,1,1,1,1,1,1,30,10
"245","Denmark",2004,390,158,1,1,1,1,NA,1,1,1,1,1,1,30,10
"246","Denmark",2005,390,158,1,1,1,1,NA,1,1,1,1,1,1,30,10
"247","Denmark",2006,390,158,1,1,1,1,NA,1,1,1,1,1,1,30,10
"248","Denmark",2007,390,158,1,1,1,1,NA,1,1,1,1,1,1,30,10
"249","Denmark",2008,390,158,1,1,1,1,NA,1,1,1,1,1,1,30,10
"250","Denmark",2009,390,158,1,1,1,1,NA,1,1,1,1,1,1,30,10
"251","Denmark",2010,390,158,1,1,1,1,NA,1,1,1,1,1,1,30,10
"252","Denmark",2011,390,158,1,1,1,1,NA,1,1,1,1,1,1,30,10
"253","Denmark",2012,390,158,1,1,1,1,NA,1,1,1,1,1,1,30,10
"254","Denmark",2013,390,158,1,NA,1,1,NA,1,1,1,1,1,1,30,10
"255","Denmark",2014,390,158,1,NA,1,1,NA,1,1,1,1,1,1,30,10
"256","Denmark",2015,390,158,0.981773734092712,NA,1,1,NA,1,NA,NA,1,1,1,30,9
"257","Dominican Republic",2000,42,114,0.711614728,0.52440220117569,1,0,NA,0,NA,0,1,0,1,20,9
"258","Dominican Republic",2001,42,114,0.69338846206665,0.518162906169891,1,0,NA,0,NA,0,1,0,1,20,8
"259","Dominican Republic",2002,42,114,0.675162255764008,0.514008939266205,1,1,NA,0,NA,0,1,0,1,20,7
"260","Dominican Republic",2003,42,114,0.65693599,0.510816693305969,1,0,NA,0,NA,0,1,0,1,20,6
"261","Dominican Republic",2004,42,114,0.729840934276581,0.605071723461151,1,0,NA,0,1,1,1,0,1,20,10
"262","Dominican Republic",2005,42,114,0.729840934276581,0.605071723461151,1,0,NA,0,1,1,1,0,1,20,10
"263","Dominican Republic",2006,42,114,0.729840934276581,0.605071723461151,1,0,NA,0,1,1,1,0,1,20,10
"264","Dominican Republic",2007,42,114,0.711614728,0.52440220117569,1,0,NA,0,NA,0,1,0,1,20,9
"265","Dominican Republic",2008,42,114,0.729840934276581,0.605071723461151,1,0,NA,0,1,1,1,0,1,20,10
"266","Dominican Republic",2009,42,114,0.711614728,0.52440220117569,1,0,NA,0,NA,0,1,0,1,20,9
"267","Dominican Republic",2010,42,114,0.729840934276581,0.605071723461151,1,1,NA,0,1,1,1,0,1,20,10
"268","Dominican Republic",2011,42,114,0.711614728,0.52440220117569,1,0,NA,0,NA,0,1,0,1,20,9
"269","Dominican Republic",2012,42,114,0.729840934276581,0.605071723461151,1,0,NA,0,1,1,1,0,1,20,10
"270","Dominican Republic",2013,42,114,0.729840934276581,NA,1,0,NA,0,1,1,1,0,1,20,10
"271","Dominican Republic",2014,42,114,0.729840934276581,NA,1,0,NA,0,1,1,1,0,1,20,10
"272","Dominican Republic",2015,42,114,0.711614728,NA,1,0,NA,0,NA,NA,1,0,1,20,9
"273","Ecuador",2000,130,75,0.720240831375122,0.516181588172913,1,0,NA,0,1,1,1,0,1,19,10
"274","Ecuador",2001,130,75,0.711614728,0.52440220117569,1,1,NA,0,NA,0,1,0,1,20,9
"275","Ecuador",2002,130,75,0.69338846206665,0.518162906169891,1,0,NA,0,NA,0,1,0,1,20,8
"276","Ecuador",2003,130,75,0.729840934276581,0.605071723461151,1,0,NA,0,1,1,1,0,1,20,10
"277","Ecuador",2004,130,75,0.711614728,0.52440220117569,1,0,NA,0,NA,0,1,0,1,20,9
"278","Ecuador",2005,130,75,0.69338846206665,0.518162906169891,1,0,NA,0,NA,0,1,0,1,20,8
"279","Ecuador",2006,130,75,0.675162255764008,0.514008939266205,1,0,NA,0,NA,0,1,0,1,20,7
"280","Ecuador",2007,130,75,0.65693599,0.510816693305969,1,0,NA,0,NA,0,1,0,1,20,6
"281","Ecuador",2008,130,75,0.81286758184433,0.639697074890137,1,0,NA,0,NA,0,1,1,1,20,5
"282","Ecuador",2009,130,75,0.794641315937042,0.637935519218445,1,0,NA,0,NA,0,1,1,1,20,4
"283","Ecuador",2010,130,75,0.776415109634399,0.636372447,1,1,NA,0,NA,0,1,1,1,20,3
"284","Ecuador",2011,130,75,0.758188843727112,0.635000646114349,1,0,NA,0,NA,0,1,1,1,20,2
"285","Ecuador",2012,130,75,0.903998732566834,0.794492185115814,1,0,NA,0,1,1,1,1,1,20,10
"286","Ecuador",2013,130,75,0.903998732566834,NA,1,0,NA,0,1,1,1,1,1,20,10
"287","Ecuador",2014,130,75,0.903998732566834,NA,1,0,NA,0,1,1,1,1,1,20,10
"288","Ecuador",2015,130,75,0.885772526264191,NA,1,0,NA,0,NA,NA,1,1,1,20,9
"289","Egypt",2000,651,13,0.729840934276581,0.605071723461151,1,0,NA,0,1,1,1,0,1,20,10
"290","Egypt",2001,651,13,0.711614728,0.52440220117569,1,0,NA,0,NA,0,1,0,1,20,9
"291","Egypt",2002,651,13,0.69338846206665,0.518162906169891,1,0,NA,0,NA,0,1,0,1,20,8
"292","Egypt",2003,651,13,0.675162255764008,0.514008939266205,1,0,NA,0,NA,0,1,0,1,20,7
"293","Egypt",2004,651,13,0.729840934276581,0.605071723461151,1,0,NA,0,1,1,1,0,1,20,10
"294","Egypt",2005,651,13,0.711614728,0.52440220117569,1,0,NA,0,NA,0,1,0,1,20,9
"295","Egypt",2006,651,13,0.69338846206665,0.518162906169891,1,1,NA,0,NA,0,1,0,1,20,8
"296","Egypt",2007,651,13,0.675162255764008,0.514008939266205,1,0,NA,0,NA,0,1,0,1,20,7
"297","Egypt",2008,651,13,0.65693599,0.510816693305969,1,0,NA,0,NA,0,1,0,1,20,6
"298","Egypt",2009,651,13,0.638709783554077,0.508136451244354,1,0,NA,0,NA,0,1,0,1,20,5
"299","Egypt",2010,651,13,0.62048351764679,0.505801320075989,1,0,NA,0,NA,0,1,0,1,20,4
"300","Egypt",2011,651,13,0.602257311344147,0.503710806369781,1,0,NA,0,NA,0,1,0,1,20,3
"301","Egypt",2012,651,13,0.584031045436859,0.501861929893494,1,0,NA,0,NA,0,1,0,1,20,2
"302","Egypt",2013,651,13,0.565804779529572,NA,1,0,NA,0,NA,0,1,0,1,20,1
"303","Egypt",2014,651,13,0.729840934276581,NA,1,0,NA,0,1,1,1,0,1,20,10
"304","Egypt",2015,651,13,0.711614728,NA,1,0,NA,0,NA,NA,1,0,1,20,9
"305","El Salvador",2000,92,22,0.885772526264191,0.652433216571808,1,0,NA,0,NA,0,1,1,1,20,9
"306","El Salvador",2001,92,22,0.867546260356903,0.647447228431702,1,0,NA,0,NA,0,1,1,1,20,8
"307","El Salvador",2002,92,22,0.894398629665375,0.653100073337555,1,0,NA,0,1,1,1,1,1,19,10
"308","El Salvador",2003,92,22,0.884798527,0.651306986808777,1,0,NA,0,0,1,1,1,1,18,10
"309","El Salvador",2004,92,22,0.875198364257812,0.64998596906662,1,0,NA,0,0,1,1,1,1,17,10
"310","El Salvador",2005,92,22,0.865598261356354,0.648948967456818,1,0,NA,0,0,1,1,1,1,16,10
"311","El Salvador",2006,92,22,0.855998158,0.648079872131348,1,0,NA,0,0,1,1,1,1,15,10
"312","El Salvador",2007,92,22,0.903998732566834,0.794492185115814,1,1,NA,0,0,1,1,1,1,20,10
"313","El Salvador",2008,92,22,0.903998732566834,0.794492185115814,1,0,NA,0,1,1,1,1,1,20,10
"314","El Salvador",2009,92,22,0.903998732566834,0.794492185115814,1,0,NA,0,0,1,1,1,1,20,10
"315","El Salvador",2010,92,22,0.903998732566834,0.794492185115814,1,0,NA,0,0,1,1,1,1,20,10
"316","El Salvador",2011,92,22,0.903998732566834,0.794492185115814,1,0,NA,0,1,1,1,1,1,20,10
"317","El Salvador",2012,92,22,0.903998732566834,0.794492185115814,1,0,NA,0,0,1,1,1,1,20,10
"318","El Salvador",2013,92,22,0.903998732566834,NA,1,0,NA,0,1,1,1,1,1,20,10
"319","El Salvador",2014,92,22,0.885772526264191,NA,1,0,NA,0,NA,0,1,1,1,20,9
"320","El Salvador",2015,92,22,0.867546260356903,NA,1,0,NA,0,NA,NA,1,1,1,20,8
"321","Ethiopia",2000,530,38,0.557485938072205,0.503491044044495,1,0,NA,0,1,1,0,0,1,20,10
"322","Ethiopia",2001,530,38,0.557485938072205,0.503491044044495,1,0,NA,0,1,1,0,0,1,20,10
"323","Ethiopia",2002,530,38,0.557485938072205,0.503491044044495,1,0,NA,0,1,1,0,0,1,20,10
"324","Ethiopia",2003,530,38,0.557485938072205,0.503491044044495,1,0,NA,0,1,1,0,0,1,20,10
"325","Ethiopia",2004,530,38,0.547885775566101,0.445413500070572,1,0,NA,0,1,1,0,0,1,19,10
"326","Ethiopia",2005,530,38,0.538285672664642,0.442638546228409,1,0,NA,0,1,1,0,0,1,18,10
"327","Ethiopia",2006,530,38,0.528685569763184,0.440545290708542,1,0,NA,0,1,1,0,0,1,17,10
"328","Ethiopia",2007,530,38,0.557485938072205,0.503491044044495,1,1,NA,0,1,1,0,0,1,20,10
"329","Ethiopia",2008,530,38,0.557485938072205,0.503491044044495,1,0,NA,0,1,1,0,0,1,20,10
"330","Ethiopia",2009,530,38,0.557485938072205,0.503491044044495,1,0,NA,0,1,1,0,0,1,20,10
"331","Ethiopia",2010,530,38,0.557485938072205,0.503491044044495,1,0,NA,0,1,1,0,0,1,20,10
"332","Ethiopia",2011,530,38,0.557485938072205,0.503491044044495,1,0,NA,0,0,1,0,0,1,20,10
"333","Ethiopia",2012,530,38,0.557485938072205,0.503491044044495,1,0,NA,0,1,1,0,0,1,20,10
"334","Ethiopia",2013,530,38,0.557485938072205,NA,1,0,NA,0,1,1,0,0,1,20,10
"335","Ethiopia",2014,530,38,0.539259672,NA,1,0,NA,0,NA,0,0,0,1,20,9
"336","Ethiopia",2015,530,38,0.521033406257629,NA,1,0,NA,0,NA,NA,0,0,1,20,8
"337","Finland",2000,375,163,1,1,1,1,NA,1,1,1,1,1,1,30,10
"338","Finland",2001,375,163,1,1,1,1,NA,1,1,1,1,1,1,30,10
"339","Finland",2002,375,163,1,1,1,1,NA,1,1,1,1,1,1,30,10
"340","Finland",2003,375,163,1,1,1,1,NA,1,1,1,1,1,1,30,10
"341","Finland",2004,375,163,1,1,1,1,NA,1,1,1,1,1,1,30,10
"342","Finland",2005,375,163,1,1,1,1,NA,1,1,1,1,1,1,30,10
"343","Finland",2006,375,163,1,1,1,1,NA,1,1,1,1,1,1,30,10
"344","Finland",2007,375,163,1,1,1,1,NA,1,1,1,1,1,1,30,10
"345","Finland",2008,375,163,1,1,1,1,NA,1,1,1,1,1,1,30,10
"346","Finland",2009,375,163,1,1,1,1,NA,1,1,1,1,1,1,30,10
"347","Finland",2010,375,163,1,1,1,1,NA,1,1,1,1,1,1,30,10
"348","Finland",2011,375,163,1,1,1,1,NA,1,1,1,1,1,1,30,10
"349","Finland",2012,375,163,1,1,1,1,NA,1,1,1,1,1,1,30,10
"350","Finland",2013,375,163,1,NA,1,1,NA,1,1,1,1,1,1,30,10
"351","Finland",2014,375,163,1,NA,1,1,NA,1,1,1,1,1,1,30,10
"352","Finland",2015,375,163,0.981773734092712,NA,1,1,NA,1,NA,NA,1,1,1,30,9
"353","France",2000,220,76,0.729840934276581,0.605071723461151,1,0,NA,0,1,1,1,0,1,20,10
"354","France",2001,220,76,0.729840934276581,0.605071723461151,1,0,NA,0,1,1,1,0,1,20,10
"355","France",2002,220,76,0.729840934276581,0.605071723461151,1,0,NA,0,1,1,1,0,1,20,10
"356","France",2003,220,76,0.729840934276581,0.605071723461151,1,0,NA,0,1,1,1,0,1,20,10
"357","France",2004,220,76,0.729840934276581,0.605071723461151,1,1,NA,0,1,1,1,0,1,20,10
"358","France",2005,220,76,0.729840934276581,0.605071723461151,1,0,NA,0,1,1,1,0,1,20,10
"359","France",2006,220,76,0.729840934276581,0.605071723461151,1,0,NA,0,1,1,1,0,1,20,10
"360","France",2007,220,76,0.729840934276581,0.605071723461151,1,1,NA,0,1,1,1,0,1,20,10
"361","France",2008,220,76,0.711614728,0.52440220117569,1,0,NA,0,0,0,1,0,1,20,9
"362","France",2009,220,76,0.69338846206665,0.518162906169891,1,0,NA,0,0,0,1,0,1,20,8
"363","France",2010,220,76,0.675162255764008,0.514008939266205,1,0,NA,0,0,0,1,0,1,20,7
"364","France",2011,220,76,0.65693599,0.510816693305969,1,0,NA,0,0,0,1,0,1,20,6
"365","France",2012,220,76,0.638709783554077,0.508136451244354,1,1,NA,0,0,0,1,0,1,20,5
"366","France",2013,220,76,0.62048351764679,NA,1,0,NA,0,0,0,1,0,1,20,4
"367","France",2014,220,76,0.602257311344147,NA,1,0,NA,0,0,0,1,0,1,20,3
"368","France",2015,220,76,0.584031045436859,NA,1,0,NA,0,0,0,1,0,1,20,2
"369","Germany",2000,255,77,0.865598261356354,0.648948967456818,1,0,NA,0,1,1,1,1,1,16,10
"370","Germany",2001,255,77,0.855998158,0.648079872131348,1,0,NA,0,1,1,1,1,1,15,10
"371","Germany",2002,255,77,0.846397995948792,0.647330224514008,1,0,NA,0,1,1,1,1,1,14,10
"372","Germany",2003,255,77,0.836797893047333,0.646665453910828,1,0,NA,0,1,1,1,1,1,13,10
"373","Germany",2004,255,77,0.82719779,0.646057069301605,1,0,NA,0,1,1,1,1,1,12,10
"374","Germany",2005,255,77,0.81759762763977,0.645510613918304,1,0,NA,0,1,1,1,1,1,11,10
"375","Germany",2006,255,77,0.807997524738312,0.638911306858063,1,0,NA,0,1,1,1,1,1,10,10
"376","Germany",2007,255,77,0.798397422,0.631556928157806,1,0,NA,0,1,1,1,1,1,9,10
"377","Germany",2008,255,77,0.788797318935394,0.631036520004272,1,0,NA,0,1,1,1,1,1,8,10
"378","Germany",2009,255,77,0.779197156429291,0.630589306354523,1,0,NA,0,1,1,1,1,1,7,10
"379","Germany",2010,255,77,0.769597054,0.630186438560486,1,0,NA,0,1,1,1,1,1,6,10
"380","Germany",2011,255,77,1,1,1,1,NA,1,1,1,1,1,1,30,10
"381","Germany",2012,255,77,1,1,1,1,NA,0,1,1,1,1,1,30,10
"382","Germany",2013,255,77,1,NA,1,1,NA,0,1,1,1,1,1,30,10
"383","Germany",2014,255,77,1,NA,1,1,NA,0,1,1,1,1,1,30,10
"384","Germany",2015,255,77,0.981773734092712,NA,1,1,NA,0,0,0,1,1,1,30,9
"385","Greece",2000,350,164,0.729840934276581,0.605071723461151,1,0,NA,0,1,1,1,0,1,20,10
"386","Greece",2001,350,164,0.729840934276581,0.605071723461151,1,1,NA,0,1,1,1,0,1,20,10
"387","Greece",2002,350,164,0.729840934276581,0.605071723461151,1,0,NA,0,1,1,1,0,1,20,10
"388","Greece",2003,350,164,0.729840934276581,0.605071723461151,1,0,NA,0,1,1,1,0,1,20,10
"389","Greece",2004,350,164,0.729840934276581,0.605071723461151,1,0,NA,0,1,1,1,0,1,20,10
"390","Greece",2005,350,164,0.729840934276581,0.605071723461151,1,0,NA,0,1,1,1,0,1,20,10
"391","Greece",2006,350,164,0.729840934276581,0.605071723461151,1,0,NA,0,1,1,1,0,1,20,10
"392","Greece",2007,350,164,0.729840934276581,0.605071723461151,1,0,NA,0,1,1,1,0,1,20,10
"393","Greece",2008,350,164,0.729840934276581,0.605071723461151,1,0,NA,0,1,1,1,0,1,20,10
"394","Greece",2009,350,164,0.729840934276581,0.605071723461151,1,0,NA,0,0,1,1,0,1,20,10
"395","Greece",2010,350,164,0.729840934276581,0.605071723461151,1,0,NA,0,1,1,1,0,1,20,10
"396","Greece",2011,350,164,0.711614728,0.52440220117569,1,1,NA,0,NA,0,1,0,1,20,9
"397","Greece",2012,350,164,0.69338846206665,0.518162906169891,1,0,NA,0,NA,0,1,0,1,20,8
"398","Greece",2013,350,164,0.675162255764008,NA,1,0,NA,0,NA,0,1,0,1,20,7
"399","Greece",2014,350,164,0.65693599,NA,1,0,NA,0,NA,0,1,0,1,20,6
"400","Greece",2015,350,164,0.638709783554077,NA,1,0,NA,0,NA,NA,1,0,1,20,5
"401","Guatemala",2000,90,78,0.547578573226929,0.461254298686981,1,0,NA,0,NA,0,1,0,1,20,0
"402","Guatemala",2001,90,78,0.547578573226929,0.461254298686981,1,0,NA,0,NA,0,1,0,1,20,0
"403","Guatemala",2002,90,78,0.547578573226929,0.461254298686981,1,1,NA,0,NA,0,1,0,1,20,0
"404","Guatemala",2003,90,78,0.547578573226929,0.461254298686981,1,NA,NA,0,NA,0,1,0,1,20,0
"405","Guatemala",2004,90,78,0.547578573226929,0.461254298686981,1,NA,NA,0,NA,0,1,0,1,20,0
"406","Guatemala",2005,90,78,0.721736371517181,0.613229811191559,1,NA,NA,0,NA,0,1,1,1,20,0
"407","Guatemala",2006,90,78,0.721736371517181,0.613229811191559,1,NA,NA,0,NA,0,1,1,1,20,0
"408","Guatemala",2007,90,78,0.721736371517181,0.613229811191559,1,NA,NA,0,NA,0,1,1,1,20,0
"409","Guatemala",2008,90,78,0.721736371517181,0.613229811191559,1,NA,NA,0,NA,0,1,1,1,20,0
"410","Guatemala",2009,90,78,0.721736371517181,0.613229811191559,1,NA,NA,0,NA,0,1,1,1,20,0
"411","Guatemala",2010,90,78,0.721736371517181,0.613229811191559,1,NA,NA,0,NA,0,1,1,1,20,0
"412","Guatemala",2011,90,78,0.721736371517181,0.613229811191559,1,NA,NA,0,NA,0,1,1,1,20,0
"413","Guatemala",2012,90,78,0.712136209011078,0.517162203788757,1,NA,NA,0,NA,0,1,1,1,19,0
"414","Guatemala",2013,90,78,0.702536106109619,NA,1,NA,NA,0,NA,0,1,1,1,18,0
"415","Guatemala",2014,90,78,0.69293600320816,NA,1,NA,NA,0,NA,0,1,1,1,17,0
"416","Guatemala",2015,90,78,0.683335900306702,NA,1,NA,NA,0,NA,NA,1,1,1,16,0
"417","Haiti",2000,41,26,0.570534885,0.450671672821045,1,0,NA,0,NA,0,1,0,1,11,6
"418","Haiti",2001,41,26,0.542708575725555,0.437561482191086,1,0,NA,0,NA,0,1,0,1,10,5
"419","Haiti",2002,41,26,0.514882206916809,0.424021571874619,1,0,NA,0,NA,0,1,0,1,9,4
"420","Haiti",2003,41,26,0.602257311344147,0.503710806369781,1,1,NA,0,NA,0,1,0,1,20,3
"421","Haiti",2004,41,26,0.584031045436859,0.501861929893494,1,0,NA,0,NA,0,1,0,1,20,2
"422","Haiti",2005,41,26,0.739962577819824,0.633832395076752,1,0,NA,0,NA,0,1,1,1,20,1
"423","Haiti",2006,41,26,0.721736371517181,0.613229811191559,1,0,NA,0,NA,0,1,1,1,20,0
"424","Haiti",2007,41,26,0.721736371517181,0.613229811191559,1,0,NA,0,NA,0,1,1,1,20,0
"425","Haiti",2008,41,26,0.721736371517181,0.613229811191559,1,0,NA,0,NA,0,1,1,1,20,0
"426","Haiti",2009,41,26,0.721736371517181,0.613229811191559,1,0,NA,0,NA,0,1,1,1,20,0
"427","Haiti",2010,41,26,0.721736371517181,0.613229811191559,1,0,NA,0,NA,0,1,1,1,20,0
"428","Haiti",2011,41,26,0.721736371517181,0.613229811191559,1,0,NA,0,NA,0,1,1,1,20,0
"429","Haiti",2012,41,26,0.721736371517181,0.613229811191559,1,0,NA,0,NA,0,1,1,1,20,0
"430","Haiti",2013,41,26,0.721736371517181,NA,1,1,NA,0,NA,0,1,1,1,20,0
"431","Haiti",2014,41,26,0.721736371517181,NA,1,0,NA,0,NA,0,1,1,1,20,0
"432","Haiti",2015,41,26,0.721736371517181,NA,1,0,NA,0,NA,NA,1,1,1,20,0
"433","Honduras",2000,91,27,0.701040625572205,0.511371076107025,1,0,NA,0,1,1,1,0,1,17,10
"434","Honduras",2001,91,27,0.729840934276581,0.605071723461151,1,1,NA,0,1,1,1,0,1,20,10
"435","Honduras",2002,91,27,0.729840934276581,0.605071723461151,1,0,NA,0,0,1,1,0,1,20,10
"436","Honduras",2003,91,27,0.729840934276581,0.605071723461151,1,0,NA,0,1,1,1,0,1,20,10
"437","Honduras",2004,91,27,0.903998732566834,0.794492185115814,1,0,NA,0,0,1,1,1,1,20,10
"438","Honduras",2005,91,27,0.903998732566834,0.794492185115814,1,0,NA,0,1,1,1,1,1,20,10
"439","Honduras",2006,91,27,0.903998732566834,0.794492185115814,1,0,NA,0,1,1,1,1,1,20,10
"440","Honduras",2007,91,27,0.903998732566834,0.794492185115814,1,0,NA,0,1,1,1,1,1,20,10
"441","Honduras",2008,91,27,0.885772526264191,0.652433216571808,1,0,NA,0,NA,0,1,1,1,20,9
"442","Honduras",2009,91,27,0.903998732566834,0.794492185115814,1,0,NA,0,0,1,1,1,1,20,10
"443","Honduras",2010,91,27,0.903998732566834,0.794492185115814,1,0,NA,0,0,1,1,1,1,20,10
"444","Honduras",2011,91,27,0.894398629665375,0.653100073337555,1,0,NA,0,0,1,1,1,1,19,10
"445","Honduras",2012,91,27,0.903998732566834,0.794492185115814,1,1,NA,0,0,1,1,1,1,20,10
"446","Honduras",2013,91,27,0.903998732566834,NA,1,0,NA,0,1,1,1,1,1,20,10
"447","Honduras",2014,91,27,0.885772526264191,NA,1,0,NA,0,NA,0,1,1,1,20,9
"448","Honduras",2015,91,27,0.867546260356903,NA,1,0,NA,0,NA,NA,1,1,1,20,8
"449","Hungary",2000,310,210,0.894398629665375,0.653100073337555,1,0,NA,0,1,1,1,1,1,19,10
"450","Hungary",2001,310,210,0.903998732566834,0.794492185115814,1,1,NA,0,1,1,1,1,1,20,10
"451","Hungary",2002,310,210,0.903998732566834,0.794492185115814,1,0,NA,0,1,1,1,1,1,20,10
"452","Hungary",2003,310,210,0.903998732566834,0.794492185115814,1,0,NA,0,1,1,1,1,1,20,10
"453","Hungary",2004,310,210,0.903998732566834,0.794492185115814,1,0,NA,0,1,1,1,1,1,20,10
"454","Hungary",2005,310,210,0.903998732566834,0.794492185115814,1,1,NA,0,1,1,1,1,1,20,10
"455","Hungary",2006,310,210,0.903998732566834,0.794492185115814,1,0,NA,0,1,1,1,1,1,20,10
"456","Hungary",2007,310,210,0.903998732566834,0.794492185115814,1,0,NA,0,1,1,1,1,1,20,10
"457","Hungary",2008,310,210,0.903998732566834,0.794492185115814,1,0,NA,0,1,1,1,1,1,20,10
"458","Hungary",2009,310,210,0.903998732566834,0.794492185115814,1,0,NA,0,1,1,1,1,1,20,10
"459","Hungary",2010,310,210,0.903998732566834,0.794492185115814,1,0,NA,0,1,1,1,1,1,20,10
"460","Hungary",2011,310,210,0.903998732566834,0.794492185115814,1,1,NA,0,1,1,1,1,1,20,10
"461","Hungary",2012,310,210,0.903998732566834,0.794492185115814,1,0,NA,0,1,1,1,1,1,20,10
"462","Hungary",2013,310,210,0.903998732566834,NA,1,0,NA,0,1,1,1,1,1,20,10
"463","Hungary",2014,310,210,0.903998732566834,NA,1,0,NA,0,1,1,1,1,1,20,10
"464","Hungary",2015,310,210,0.885772526264191,NA,1,0,NA,0,0,0,1,1,1,20,9
"465","India",2000,750,39,0.729840934276581,0.605071723461151,1,0,NA,0,1,1,1,0,1,20,10
"466","India",2001,750,39,0.729840934276581,0.605071723461151,1,1,NA,0,1,1,1,0,1,20,10
"467","India",2002,750,39,0.729840934276581,0.605071723461151,1,0,NA,0,1,1,1,0,1,20,10
"468","India",2003,750,39,0.903998732566834,0.794492185115814,1,0,NA,0,1,1,1,1,1,20,10
"469","India",2004,750,39,0.903998732566834,0.794492185115814,1,0,NA,0,1,1,1,1,1,20,10
"470","India",2005,750,39,0.903998732566834,0.794492185115814,1,0,NA,0,0,1,1,1,1,20,10
"471","India",2006,750,39,0.903998732566834,0.794492185115814,1,0,NA,0,1,1,1,1,1,20,10
"472","India",2007,750,39,0.903998732566834,0.794492185115814,1,0,NA,0,1,1,1,1,1,20,10
"473","India",2008,750,39,0.885772526264191,0.652433216571808,1,0,NA,0,0,0,1,1,1,20,9
"474","India",2009,750,39,0.867546260356903,0.647447228431702,1,0,NA,0,0,0,1,1,1,20,8
"475","India",2010,750,39,0.84932005405426,0.644198715686798,1,0,NA,0,0,0,1,1,1,20,7
"476","India",2011,750,39,0.903998732566834,0.794492185115814,1,1,NA,0,1,1,1,1,1,20,10
"477","India",2012,750,39,0.903998732566834,0.794492185115814,1,0,NA,0,1,1,1,1,1,20,10
"478","India",2013,750,39,0.903998732566834,NA,1,0,NA,0,1,1,1,1,1,20,10
"479","India",2014,750,39,0.885772526264191,NA,1,0,NA,0,NA,0,1,1,1,20,9
"480","India",2015,750,39,0.867546260356903,NA,1,0,NA,0,NA,NA,1,1,1,20,8
"481","Indonesia",2000,850,56,0.557485938072205,0.503491044044495,1,1,NA,0,1,1,0,0,1,20,10
"482","Indonesia",2001,850,56,0.557485938072205,0.503491044044495,1,0,NA,0,1,1,0,0,1,20,10
"483","Indonesia",2002,850,56,0.557485938072205,0.503491044044495,1,0,NA,0,1,1,0,0,1,20,10
"484","Indonesia",2003,850,56,0.557485938072205,0.503491044044495,1,0,NA,0,1,1,0,0,1,20,10
"485","Indonesia",2004,850,56,0.557485938072205,0.503491044044495,1,0,NA,0,1,1,0,0,1,20,10
"486","Indonesia",2005,850,56,0.557485938072205,0.503491044044495,1,0,NA,0,0,1,0,0,1,20,10
"487","Indonesia",2006,850,56,0.729840934276581,0.605071723461151,1,0,NA,0,1,1,1,0,1,20,10
"488","Indonesia",2007,850,56,0.729840934276581,0.605071723461151,1,0,NA,0,1,1,1,0,1,20,10
"489","Indonesia",2008,850,56,0.729840934276581,0.605071723461151,1,0,NA,0,1,1,1,0,1,20,10
"490","Indonesia",2009,850,56,0.729840934276581,0.605071723461151,1,0,NA,0,1,1,1,0,1,20,10
"491","Indonesia",2010,850,56,0.729840934276581,0.605071723461151,1,1,NA,0,1,1,1,0,1,20,10
"492","Indonesia",2011,850,56,0.729840934276581,0.605071723461151,1,0,NA,0,1,1,1,0,1,20,10
"493","Indonesia",2012,850,56,0.729840934276581,0.605071723461151,1,0,NA,0,1,1,1,0,1,20,10
"494","Indonesia",2013,850,56,0.729840934276581,NA,1,0,NA,0,1,1,1,0,1,20,10
"495","Indonesia",2014,850,56,0.729840934276581,NA,1,0,NA,0,1,1,1,0,1,20,10
"496","Indonesia",2015,850,56,0.729840934276581,NA,1,0,NA,0,1,1,1,0,1,20,10
"497","Iran",2000,630,79,0.729840934276581,0.605071723461151,1,0,NA,0,1,1,1,0,1,20,10
"498","Iran",2001,630,79,0.729840934276581,0.605071723461151,1,0,NA,0,1,1,1,0,1,20,10
"499","Iran",2002,630,79,0.729840934276581,0.605071723461151,1,0,NA,0,1,1,1,0,1,20,10
"500","Iran",2003,630,79,0.729840934276581,0.605071723461151,1,0,NA,0,1,1,1,0,1,20,10
"501","Iran",2004,630,79,0.729840934276581,0.605071723461151,1,0,NA,0,1,1,1,0,1,20,10
"502","Iran",2005,630,79,0.729840934276581,0.605071723461151,1,0,NA,0,1,1,1,0,1,20,10
"503","Iran",2006,630,79,0.729840934276581,0.605071723461151,1,1,NA,0,1,1,1,0,1,20,10
"504","Iran",2007,630,79,0.729840934276581,0.605071723461151,1,0,NA,0,1,1,1,0,1,20,10
"505","Iran",2008,630,79,0.729840934276581,0.605071723461151,1,0,NA,0,1,1,1,0,1,20,10
"506","Iran",2009,630,79,0.729840934276581,0.605071723461151,1,0,NA,0,1,1,1,0,1,20,10
"507","Iran",2010,630,79,0.729840934276581,0.605071723461151,1,0,NA,0,1,1,1,0,1,20,10
"508","Iran",2011,630,79,0.729840934276581,0.605071723461151,1,1,NA,0,1,1,1,0,1,20,10
"509","Iran",2012,630,79,0.729840934276581,0.605071723461151,1,0,NA,0,1,1,1,0,1,20,10
"510","Iran",2013,630,79,0.729840934276581,NA,1,0,NA,0,1,1,1,0,1,20,10
"511","Iran",2014,630,79,0.729840934276581,NA,1,0,NA,0,1,1,1,0,1,20,10
"512","Iran",2015,630,79,0.711614728,NA,1,0,NA,0,NA,NA,1,0,1,20,9
"513","Italy",2000,325,82,0.729840934276581,0.605071723461151,1,0,NA,0,1,1,1,0,1,20,10
"514","Italy",2001,325,82,0.729840934276581,0.605071723461151,1,1,NA,0,1,1,1,0,1,20,10
"515","Italy",2002,325,82,0.729840934276581,0.605071723461151,1,0,NA,0,1,1,1,0,1,20,10
"516","Italy",2003,325,82,0.729840934276581,0.605071723461151,1,0,NA,0,1,1,1,0,1,20,10
"517","Italy",2004,325,82,0.729840934276581,0.605071723461151,1,0,NA,0,1,1,1,0,1,20,10
"518","Italy",2005,325,82,0.729840934276581,0.605071723461151,1,0,NA,0,1,1,1,0,1,20,10
"519","Italy",2006,325,82,0.729840934276581,0.605071723461151,1,0,NA,0,1,1,1,0,1,20,10
"520","Italy",2007,325,82,0.729840934276581,0.605071723461151,1,0,NA,0,1,1,1,0,1,20,10
"521","Italy",2008,325,82,0.729840934276581,0.605071723461151,1,0,NA,0,1,1,1,0,1,20,10
"522","Italy",2009,325,82,0.729840934276581,0.605071723461151,1,0,NA,0,1,1,1,0,1,20,10
"523","Italy",2010,325,82,0.729840934276581,0.605071723461151,1,0,NA,0,1,1,1,0,1,20,10
"524","Italy",2011,325,82,0.729840934276581,0.605071723461151,1,1,NA,0,1,1,1,0,1,20,10
"525","Italy",2012,325,82,0.729840934276581,0.605071723461151,1,0,NA,0,1,1,1,0,1,20,10
"526","Italy",2013,325,82,0.729840934276581,NA,1,0,NA,0,1,1,1,0,1,20,10
"527","Italy",2014,325,82,0.729840934276581,NA,1,0,NA,0,1,1,1,0,1,20,10
"528","Italy",2015,325,82,0.903998732566834,NA,1,0,NA,0,1,1,1,1,1,20,10
"529","Japan",2000,740,9,0.903998732566834,0.794492185115814,1,1,NA,0,1,1,1,1,1,20,10
"530","Japan",2001,740,9,0.903998732566834,0.794492185115814,1,0,NA,0,1,1,1,1,1,20,10
"531","Japan",2002,740,9,0.903998732566834,0.794492185115814,1,0,NA,0,1,1,1,1,1,20,10
"532","Japan",2003,740,9,0.903998732566834,0.794492185115814,1,0,NA,0,1,1,1,1,1,20,10
"533","Japan",2004,740,9,0.903998732566834,0.794492185115814,1,0,NA,0,1,1,1,1,1,20,10
"534","Japan",2005,740,9,0.903998732566834,0.794492185115814,1,1,NA,0,1,1,1,1,1,20,10
"535","Japan",2006,740,9,0.903998732566834,0.794492185115814,1,0,NA,0,1,1,1,1,1,20,10
"536","Japan",2007,740,9,0.903998732566834,0.794492185115814,1,0,NA,0,1,1,1,1,1,20,10
"537","Japan",2008,740,9,0.903998732566834,0.794492185115814,1,0,NA,0,1,1,1,1,1,20,10
"538","Japan",2009,740,9,0.903998732566834,0.794492185115814,1,0,NA,0,1,1,1,1,1,20,10
"539","Japan",2010,740,9,0.903998732566834,0.794492185115814,1,1,NA,0,1,1,1,1,1,20,10
"540","Japan",2011,740,9,0.903998732566834,0.794492185115814,1,0,NA,0,1,1,1,1,1,20,10
"541","Japan",2012,740,9,0.903998732566834,0.794492185115814,1,0,NA,0,1,1,1,1,1,20,10
"542","Japan",2013,740,9,0.903998732566834,NA,1,0,NA,0,1,1,1,1,1,20,10
"543","Japan",2014,740,9,0.903998732566834,NA,1,0,NA,0,1,1,1,1,1,20,10
"544","Japan",2015,740,9,0.903998732566834,NA,1,1,NA,0,1,1,1,1,1,20,10
"545","Korea/South Korea",2000,732,42,0.903998732566834,0.794492185115814,1,1,NA,0,1,1,1,1,1,20,10
"546","Korea/South Korea",2001,732,42,0.903998732566834,0.794492185115814,1,0,NA,0,1,1,1,1,1,20,10
"547","Korea/South Korea",2002,732,42,0.903998732566834,0.794492185115814,1,0,NA,0,1,1,1,1,1,20,10
"548","Korea/South Korea",2003,732,42,0.903998732566834,0.794492185115814,1,0,NA,0,1,1,1,1,1,20,10
"549","Korea/South Korea",2004,732,42,0.903998732566834,0.794492185115814,1,0,NA,0,1,1,1,1,1,20,10
"550","Korea/South Korea",2005,732,42,0.903998732566834,0.794492185115814,1,1,NA,0,1,1,1,1,1,20,10
"551","Korea/South Korea",2006,732,42,0.903998732566834,0.794492185115814,1,0,NA,0,1,1,1,1,1,20,10
"552","Korea/South Korea",2007,732,42,0.903998732566834,0.794492185115814,1,0,NA,0,1,1,1,1,1,20,10
"553","Korea/South Korea",2008,732,42,0.903998732566834,0.794492185115814,1,0,NA,0,1,1,1,1,1,20,10
"554","Korea/South Korea",2009,732,42,0.903998732566834,0.794492185115814,1,0,NA,0,1,1,1,1,1,20,10
"555","Korea/South Korea",2010,732,42,0.903998732566834,0.794492185115814,1,1,NA,0,1,1,1,1,1,20,10
"556","Korea/South Korea",2011,732,42,0.903998732566834,0.794492185115814,1,0,NA,0,1,1,1,1,1,20,10
"557","Korea/South Korea",2012,732,42,0.903998732566834,0.794492185115814,1,0,NA,0,1,1,1,1,1,20,10
"558","Korea/South Korea",2013,732,42,0.903998732566834,NA,1,0,NA,0,1,1,1,1,1,20,10
"559","Korea/South Korea",2014,732,42,0.903998732566834,NA,1,0,NA,0,1,1,1,1,1,20,10
"560","Korea/South Korea",2015,732,42,0.885772526264191,NA,1,1,NA,0,NA,NA,1,1,1,20,9
"561","Liberia",2000,450,86,0.480377703905106,0.405313193798065,1,0,NA,NA,NA,0,1,0,1,13,0
"562","Liberia",2001,450,86,0.470777601003647,0.404335558414459,1,0,NA,NA,NA,0,1,0,1,12,0
"563","Liberia",2002,450,86,0.461177468299866,0.403447896242142,1,0,NA,NA,NA,0,1,0,1,11,0
"564","Liberia",2003,450,86,0.451577335596085,0.390155851840973,1,0,NA,NA,NA,0,1,0,1,10,0
"565","Liberia",2004,450,86,0.441977232694626,0.3764428794384,1,0,NA,NA,NA,0,1,0,1,9,0
"566","Liberia",2005,450,86,0.432377099990845,0.375207304954529,1,0,NA,NA,NA,0,1,0,1,8,0
"567","Liberia",2006,450,86,0.422776967287064,0.37412491440773,1,0,NA,NA,NA,0,1,0,1,7,0
"568","Liberia",2007,450,86,0.413176864385605,0.373134225606918,1,0,NA,NA,NA,0,1,0,1,6,0
"569","Liberia",2008,450,86,0.547578573226929,0.461254298686981,1,1,NA,NA,NA,0,1,0,1,20,0
"570","Liberia",2009,450,86,0.547578573226929,0.461254298686981,1,0,NA,NA,NA,0,1,0,1,20,0
"571","Liberia",2010,450,86,0.547578573226929,0.461254298686981,1,0,NA,NA,NA,0,1,0,1,20,0
"572","Liberia",2011,450,86,0.547578573226929,0.461254298686981,1,0,NA,NA,NA,0,1,0,1,20,0
"573","Liberia",2012,450,86,0.547578573226929,0.461254298686981,1,0,NA,NA,NA,0,1,0,1,20,0
"574","Liberia",2013,450,86,0.547578573226929,NA,1,0,NA,NA,NA,0,1,0,1,20,0
"575","Liberia",2014,450,86,0.547578573226929,NA,1,0,NA,NA,NA,0,1,0,1,20,0
"576","Liberia",2015,450,86,0.547578573226929,NA,1,0,NA,NA,NA,NA,1,0,1,20,0
"577","Madagascar",2000,580,125,0.729840934276581,0.605071723461151,1,0,NA,0,1,1,1,0,1,20,10
"578","Madagascar",2001,580,125,0.711614728,0.52440220117569,1,0,NA,0,NA,0,1,0,1,20,9
"579","Madagascar",2002,580,125,0.729840934276581,0.605071723461151,1,0,NA,0,1,1,1,0,1,20,10
"580","Madagascar",2003,580,125,0.729840934276581,0.605071723461151,1,1,NA,0,1,1,1,0,1,20,10
"581","Madagascar",2004,580,125,0.711614728,0.52440220117569,1,0,NA,0,NA,0,1,0,1,20,9
"582","Madagascar",2005,580,125,0.69338846206665,0.518162906169891,1,0,NA,0,NA,0,1,0,1,20,8
"583","Madagascar",2006,580,125,0.675162255764008,0.514008939266205,1,0,NA,0,NA,0,1,0,1,20,7
"584","Madagascar",2007,580,125,0.65693599,0.510816693305969,1,0,NA,0,NA,0,1,0,1,20,6
"585","Madagascar",2008,580,125,0.638709783554077,0.508136451244354,1,0,NA,0,NA,0,1,0,1,20,5
"586","Madagascar",2009,580,125,0.62048351764679,0.505801320075989,1,0,NA,0,NA,0,1,0,1,20,4
"587","Madagascar",2010,580,125,0.602257311344147,0.503710806369781,1,0,NA,0,NA,0,1,0,1,20,3
"588","Madagascar",2011,580,125,0.584031045436859,0.501861929893494,1,0,NA,0,NA,0,1,0,1,20,2
"589","Madagascar",2012,580,125,0.565804779529572,0.500276148319244,1,0,NA,0,NA,0,1,0,1,20,1
"590","Madagascar",2013,580,125,0.53797847,NA,1,0,NA,0,NA,0,1,0,1,19,0
"591","Madagascar",2014,580,125,0.528378307819366,NA,1,0,NA,0,NA,0,1,0,1,18,0
"592","Madagascar",2015,580,125,0.547578573226929,NA,1,1,NA,0,NA,NA,1,0,1,20,0
"593","Mexico",2000,70,3,0.903998732566834,0.794492185115814,1,1,NA,0,1,1,1,1,1,20,10
"594","Mexico",2001,70,3,0.903998732566834,0.794492185115814,1,0,NA,0,1,1,1,1,1,20,10
"595","Mexico",2002,70,3,0.903998732566834,0.794492185115814,1,0,NA,0,1,1,1,1,1,20,10
"596","Mexico",2003,70,3,0.903998732566834,0.794492185115814,1,0,NA,0,1,1,1,1,1,20,10
"597","Mexico",2004,70,3,0.903998732566834,0.794492185115814,1,0,NA,0,1,1,1,1,1,20,10
"598","Mexico",2005,70,3,0.903998732566834,0.794492185115814,1,1,NA,0,1,1,1,1,1,20,10
"599","Mexico",2006,70,3,0.903998732566834,0.794492185115814,1,0,NA,0,1,1,1,1,1,20,10
"600","Mexico",2007,70,3,0.903998732566834,0.794492185115814,1,0,NA,0,1,1,1,1,1,20,10
"601","Mexico",2008,70,3,0.903998732566834,0.794492185115814,1,0,NA,0,1,1,1,1,1,20,10
"602","Mexico",2009,70,3,0.903998732566834,0.794492185115814,1,0,NA,0,1,1,1,1,1,20,10
"603","Mexico",2010,70,3,0.903998732566834,0.794492185115814,1,1,NA,0,1,1,1,1,1,20,10
"604","Mexico",2011,70,3,0.903998732566834,0.794492185115814,1,0,NA,0,1,1,1,1,1,20,10
"605","Mexico",2012,70,3,0.903998732566834,0.794492185115814,1,0,NA,0,1,1,1,1,1,20,10
"606","Mexico",2013,70,3,0.903998732566834,NA,1,0,NA,0,1,1,1,1,1,20,10
"607","Mexico",2014,70,3,0.903998732566834,NA,1,0,NA,0,1,1,1,1,1,20,10
"608","Mexico",2015,70,3,0.885772526264191,NA,1,0,NA,0,0,0,1,1,1,20,9
"609","Montenegro",2000,341,183,0.537838518619537,0.456368089,1,0,NA,0,1,1,1,0,1,0,10
"610","Montenegro",2001,341,183,0.537838518619537,0.456368089,1,0,NA,0,1,1,1,0,1,0,10
"611","Montenegro",2002,341,183,0.537838518619537,0.456368089,1,0,NA,0,1,1,1,0,1,0,10
"612","Montenegro",2003,341,183,0.633839726448059,0.492064952850342,1,1,NA,0,1,1,1,0,1,10,10
"613","Montenegro",2004,341,183,0.633839726448059,0.492064952850342,1,0,NA,0,1,1,1,0,1,10,10
"614","Montenegro",2005,341,183,0.633839726448059,0.492064952850342,1,0,NA,0,1,1,1,0,1,10,10
"615","Montenegro",2006,341,183,0.633839726448059,0.492064952850342,1,0,NA,0,1,1,1,0,1,10,10
"616","Montenegro",2007,341,183,0.633839726448059,0.492064952850342,1,0,NA,0,1,1,1,0,1,10,10
"617","Montenegro",2008,341,183,0.633839726448059,0.492064952850342,1,0,NA,0,1,1,1,0,1,10,10
"618","Montenegro",2009,341,183,0.633839726448059,0.492064952850342,1,0,NA,0,1,1,1,0,1,10,10
"619","Montenegro",2010,341,183,0.633839726448059,0.492064952850342,1,0,NA,0,1,1,1,0,1,10,10
"620","Montenegro",2011,341,183,0.633839726448059,0.492064952850342,1,1,NA,0,1,1,1,0,1,10,10
"621","Montenegro",2012,341,183,0.633839726448059,0.492064952850342,1,0,NA,0,1,1,1,0,1,10,10
"622","Montenegro",2013,341,183,0.633839726448059,NA,1,0,NA,0,1,1,1,0,1,10,10
"623","Montenegro",2014,341,183,0.633839726448059,NA,1,0,NA,0,1,1,1,0,1,10,10
"624","Montenegro",2015,341,183,0.615613520145416,NA,1,0,NA,0,NA,NA,1,0,1,10,9
"625","Morocco",2000,600,90,0.729840934276581,0.605071723461151,1,0,NA,0,1,1,1,0,1,20,10
"626","Morocco",2001,600,90,0.729840934276581,0.605071723461151,1,0,NA,0,1,1,1,0,1,20,10
"627","Morocco",2002,600,90,0.729840934276581,0.605071723461151,1,0,NA,0,1,1,1,0,1,20,10
"628","Morocco",2003,600,90,0.729840934276581,0.605071723461151,1,0,NA,0,1,1,1,0,1,20,10
"629","Morocco",2004,600,90,0.729840934276581,0.605071723461151,1,1,NA,0,1,1,1,0,1,20,10
"630","Morocco",2005,600,90,0.729840934276581,0.605071723461151,1,0,NA,0,1,1,1,0,1,20,10
"631","Morocco",2006,600,90,0.729840934276581,0.605071723461151,1,0,NA,0,1,1,1,0,1,20,10
"632","Morocco",2007,600,90,0.729840934276581,0.605071723461151,1,0,NA,0,1,1,1,0,1,20,10
"633","Morocco",2008,600,90,0.729840934276581,0.605071723461151,1,0,NA,0,1,1,1,0,1,20,10
"634","Morocco",2009,600,90,0.729840934276581,0.605071723461151,1,0,NA,0,1,1,1,0,1,20,10
"635","Morocco",2010,600,90,0.729840934276581,0.605071723461151,1,0,NA,0,1,1,1,0,1,20,10
"636","Morocco",2011,600,90,0.729840934276581,0.605071723461151,1,0,NA,0,1,1,1,0,1,20,10
"637","Morocco",2012,600,90,0.729840934276581,0.605071723461151,1,0,NA,0,1,1,1,0,1,20,10
"638","Morocco",2013,600,90,0.729840934276581,NA,1,0,NA,0,1,1,1,0,1,20,10
"639","Morocco",2014,600,90,0.711614728,NA,1,1,NA,0,NA,0,1,0,1,20,9
"640","Morocco",2015,600,90,0.729840934276581,NA,1,0,NA,0,1,1,1,0,1,20,10
"641","Myanmar",2000,775,10,0.5570387840271,0.473483026027679,1,0,NA,0,1,1,1,0,1,2,10
"642","Myanmar",2001,775,10,0.547438621520996,0.472978562116623,1,0,NA,0,1,1,1,0,1,1,10
"643","Myanmar",2002,775,10,0.537838518619537,0.456368089,1,0,NA,0,1,1,1,0,1,0,10
"644","Myanmar",2003,775,10,0.537838518619537,0.456368089,1,0,NA,0,1,1,1,0,1,0,10
"645","Myanmar",2004,775,10,0.537838518619537,0.456368089,1,0,NA,0,1,1,1,0,1,0,10
"646","Myanmar",2005,775,10,0.537838518619537,0.456368089,1,0,NA,0,1,1,1,0,1,0,10
"647","Myanmar",2006,775,10,0.537838518619537,0.456368089,1,0,NA,0,1,1,1,0,1,0,10
"648","Myanmar",2007,775,10,0.537838518619537,0.456368089,1,0,NA,0,1,1,1,0,1,0,10
"649","Myanmar",2008,775,10,0.537838518619537,0.456368089,1,0,NA,0,1,1,1,0,1,0,10
"650","Myanmar",2009,775,10,0.537838518619537,0.456368089,1,0,NA,0,1,1,1,0,1,0,10
"651","Myanmar",2010,775,10,0.537838518619537,0.456368089,1,0,NA,0,1,1,1,0,1,0,10
"652","Myanmar",2011,775,10,0.537838518619537,0.456368089,1,0,NA,0,1,1,1,0,1,0,10
"653","Myanmar",2012,775,10,0.519612312316895,0.417398452758789,1,0,NA,0,0,0,1,0,1,0,9
"654","Myanmar",2013,775,10,0.501386046409607,NA,1,0,NA,0,0,0,1,0,1,0,8
"655","Myanmar",2014,775,10,0.579160988330841,NA,1,1,NA,0,0,0,1,0,1,10,7
"656","Myanmar",2015,775,10,0.560934782028198,NA,1,0,NA,0,NA,NA,1,0,1,10,6
"657","Nejd/Saudi Arabia",2000,670,197,0.729840934276581,0.605071723461151,1,0,NA,0,1,1,1,0,1,20,10
"658","Nejd/Saudi Arabia",2001,670,197,0.729840934276581,0.605071723461151,1,0,NA,0,1,1,1,0,1,20,10
"659","Nejd/Saudi Arabia",2002,670,197,0.720240831375122,0.516181588172913,1,0,NA,0,1,1,1,0,1,19,10
"660","Nejd/Saudi Arabia",2003,670,197,0.710640728473663,0.513430655,1,0,NA,0,1,1,1,0,1,18,10
"661","Nejd/Saudi Arabia",2004,670,197,0.729840934276581,0.605071723461151,1,1,NA,0,1,1,1,0,1,20,10
"662","Nejd/Saudi Arabia",2005,670,197,0.729840934276581,0.605071723461151,1,0,NA,0,1,1,1,0,1,20,10
"663","Nejd/Saudi Arabia",2006,670,197,0.729840934276581,0.605071723461151,1,0,NA,0,1,1,1,0,1,20,10
"664","Nejd/Saudi Arabia",2007,670,197,0.729840934276581,0.605071723461151,1,0,NA,0,1,1,1,0,1,20,10
"665","Nejd/Saudi Arabia",2008,670,197,0.729840934276581,0.605071723461151,1,0,NA,0,1,1,1,0,1,20,10
"666","Nejd/Saudi Arabia",2009,670,197,0.729840934276581,0.605071723461151,1,0,NA,0,1,1,1,0,1,20,10
"667","Nejd/Saudi Arabia",2010,670,197,0.729840934276581,0.605071723461151,1,1,NA,0,1,1,1,0,1,20,10
"668","Nejd/Saudi Arabia",2011,670,197,0.729840934276581,0.605071723461151,1,0,NA,0,1,1,1,0,1,20,10
"669","Nejd/Saudi Arabia",2012,670,197,0.729840934276581,0.605071723461151,1,0,NA,0,1,1,1,0,1,20,10
"670","Nejd/Saudi Arabia",2013,670,197,0.729840934276581,NA,1,0,NA,0,1,1,1,0,1,20,10
"671","Nejd/Saudi Arabia",2014,670,197,0.729840934276581,NA,1,0,NA,0,1,1,1,0,1,20,10
"672","Nejd/Saudi Arabia",2015,670,197,0.711614728,NA,1,0,NA,0,NA,NA,1,0,1,20,9
"673","Nepal",2000,790,58,0.711614728,0.52440220117569,1,0,NA,0,0,0,1,0,1,20,9
"674","Nepal",2001,790,58,0.729840934276581,0.605071723461151,1,1,NA,0,1,1,1,0,1,20,10
"675","Nepal",2002,790,58,0.711614728,0.52440220117569,1,0,NA,0,0,0,1,0,1,20,9
"676","Nepal",2003,790,58,0.729840934276581,0.605071723461151,1,0,NA,0,1,1,1,0,1,20,10
"677","Nepal",2004,790,58,0.711614728,0.52440220117569,1,0,NA,0,0,0,1,0,1,20,9
"678","Nepal",2005,790,58,0.729840934276581,0.605071723461151,1,0,NA,0,1,1,1,0,1,20,10
"679","Nepal",2006,790,58,0.711614728,0.52440220117569,1,0,NA,0,0,0,1,0,1,20,9
"680","Nepal",2007,790,58,0.729840934276581,0.605071723461151,1,0,NA,0,1,1,1,0,1,20,10
"681","Nepal",2008,790,58,0.711614728,0.52440220117569,1,0,NA,0,0,0,1,0,1,20,9
"682","Nepal",2009,790,58,0.729840934276581,0.605071723461151,1,0,NA,0,1,1,1,0,1,20,10
"683","Nepal",2010,790,58,0.711614728,0.52440220117569,1,0,NA,0,0,0,1,0,1,20,9
"684","Nepal",2011,790,58,0.729840934276581,0.605071723461151,1,1,NA,0,1,1,1,0,1,20,10
"685","Nepal",2012,790,58,0.711614728,0.52440220117569,1,0,NA,0,0,0,1,0,1,20,9
"686","Nepal",2013,790,58,0.729840934276581,NA,1,0,NA,0,1,1,1,0,1,20,10
"687","Nepal",2014,790,58,0.711614728,NA,1,0,NA,0,0,0,1,0,1,20,9
"688","Nepal",2015,790,58,0.69338846206665,NA,1,0,NA,0,0,0,1,0,1,20,8
"689","Netherlands",2000,210,91,1,1,1,1,NA,0,1,1,1,1,1,30,10
"690","Netherlands",2001,210,91,1,1,1,1,NA,1,1,1,1,1,1,30,10
"691","Netherlands",2002,210,91,1,1,1,1,NA,0,1,1,1,1,1,30,10
"692","Netherlands",2003,210,91,1,1,1,1,NA,0,1,1,1,1,1,30,10
"693","Netherlands",2004,210,91,1,1,1,1,NA,0,1,1,1,1,1,30,10
"694","Netherlands",2005,210,91,1,1,1,1,NA,0,1,1,1,1,1,30,10
"695","Netherlands",2006,210,91,1,1,1,1,NA,0,1,1,1,1,1,30,10
"696","Netherlands",2007,210,91,1,1,1,1,NA,0,1,1,1,1,1,30,10
"697","Netherlands",2008,210,91,1,1,1,1,NA,0,1,1,1,1,1,30,10
"698","Netherlands",2009,210,91,1,1,1,1,NA,0,1,1,1,1,1,30,10
"699","Netherlands",2010,210,91,1,1,1,1,NA,0,1,1,1,1,1,30,10
"700","Netherlands",2011,210,91,1,1,1,1,NA,1,1,1,1,1,1,30,10
"701","Netherlands",2012,210,91,1,1,1,1,NA,0,1,1,1,1,1,30,10
"702","Netherlands",2013,210,91,1,NA,1,1,NA,0,1,1,1,1,1,30,10
"703","Netherlands",2014,210,91,1,NA,1,1,NA,0,1,1,1,1,1,30,10
"704","Netherlands",2015,210,91,0.981773734092712,NA,1,1,NA,0,NA,NA,1,1,1,30,9
"705","New Zealand",2000,920,185,0.729840934276581,0.605071723461151,1,0,NA,0,1,1,1,0,1,20,10
"706","New Zealand",2001,920,185,0.711614728,0.52440220117569,1,1,NA,0,0,0,1,0,1,20,9
"707","New Zealand",2002,920,185,0.729840934276581,0.605071723461151,1,0,NA,0,1,1,1,0,1,20,10
"708","New Zealand",2003,920,185,0.711614728,0.52440220117569,1,0,NA,0,0,0,1,0,1,20,9
"709","New Zealand",2004,920,185,0.729840934276581,0.605071723461151,1,0,NA,0,1,1,1,0,1,20,10
"710","New Zealand",2005,920,185,0.711614728,0.52440220117569,1,0,NA,0,0,0,1,0,1,20,9
"711","New Zealand",2006,920,185,0.729840934276581,0.605071723461151,1,1,NA,0,1,1,1,0,1,20,10
"712","New Zealand",2007,920,185,0.711614728,0.52440220117569,1,0,NA,0,0,0,1,0,1,20,9
"713","New Zealand",2008,920,185,0.729840934276581,0.605071723461151,1,0,NA,0,1,1,1,0,1,20,10
"714","New Zealand",2009,920,185,0.711614728,0.52440220117569,1,0,NA,0,0,0,1,0,1,20,9
"715","New Zealand",2010,920,185,0.729840934276581,0.605071723461151,1,0,NA,0,1,1,1,0,1,20,10
"716","New Zealand",2011,920,185,0.711614728,0.52440220117569,1,0,NA,0,0,0,1,0,1,20,9
"717","New Zealand",2012,920,185,0.729840934276581,0.605071723461151,1,0,NA,0,1,1,1,0,1,20,10
"718","New Zealand",2013,920,185,0.711614728,NA,1,1,NA,0,NA,0,1,0,1,20,9
"719","New Zealand",2014,920,185,0.69338846206665,NA,1,0,NA,0,NA,0,1,0,1,20,8
"720","New Zealand",2015,920,185,0.675162255764008,NA,1,0,NA,0,NA,NA,1,0,1,20,7
"721","Nicaragua",2000,93,59,0.729840934276581,0.605071723461151,1,0,NA,0,0,1,1,0,1,20,10
"722","Nicaragua",2001,93,59,0.729840934276581,0.605071723461151,1,0,NA,0,0,1,1,0,1,20,10
"723","Nicaragua",2002,93,59,0.729840934276581,0.605071723461151,1,0,NA,0,1,1,1,0,1,20,10
"724","Nicaragua",2003,93,59,0.729840934276581,0.605071723461151,1,0,NA,0,0,1,1,0,1,20,10
"725","Nicaragua",2004,93,59,0.729840934276581,0.605071723461151,1,0,NA,0,1,1,1,0,1,20,10
"726","Nicaragua",2005,93,59,0.729840934276581,0.605071723461151,1,1,NA,0,1,1,1,0,1,20,10
"727","Nicaragua",2006,93,59,0.729840934276581,0.605071723461151,1,0,NA,0,1,1,1,0,1,20,10
"728","Nicaragua",2007,93,59,0.729840934276581,0.605071723461151,1,0,NA,0,1,1,1,0,1,20,10
"729","Nicaragua",2008,93,59,0.729840934276581,0.605071723461151,1,0,NA,0,1,1,1,0,1,20,10
"730","Nicaragua",2009,93,59,0.729840934276581,0.605071723461151,1,0,NA,0,1,1,1,0,1,20,10
"731","Nicaragua",2010,93,59,0.729840934276581,0.605071723461151,1,0,NA,0,1,1,1,0,1,20,10
"732","Nicaragua",2011,93,59,0.729840934276581,0.605071723461151,1,0,NA,0,1,1,1,0,1,20,10
"733","Nicaragua",2012,93,59,0.729840934276581,0.605071723461151,1,0,NA,0,1,1,1,0,1,20,10
"734","Nicaragua",2013,93,59,0.729840934276581,NA,1,0,NA,0,1,1,1,0,1,20,10
"735","Nicaragua",2014,93,59,0.711614728,NA,1,0,NA,0,NA,0,1,0,1,20,9
"736","Nicaragua",2015,93,59,0.683788359165192,NA,1,0,NA,0,NA,NA,1,0,1,19,8
"737","Norway",2000,385,186,0.894398629665375,0.653100073337555,1,0,NA,0,1,1,1,1,1,19,10
"738","Norway",2001,385,186,1,1,1,1,NA,1,1,1,1,1,1,30,10
"739","Norway",2002,385,186,1,1,1,1,NA,0,1,1,1,1,1,30,10
"740","Norway",2003,385,186,1,1,1,1,NA,0,1,1,1,1,1,30,10
"741","Norway",2004,385,186,1,1,1,1,NA,0,1,1,1,1,1,30,10
"742","Norway",2005,385,186,1,1,1,1,NA,0,1,1,1,1,1,30,10
"743","Norway",2006,385,186,1,1,1,1,NA,0,1,1,1,1,1,30,10
"744","Norway",2007,385,186,1,1,1,1,NA,0,1,1,1,1,1,30,10
"745","Norway",2008,385,186,1,1,1,1,NA,0,1,1,1,1,1,30,10
"746","Norway",2009,385,186,1,1,1,1,NA,0,1,1,1,1,1,30,10
"747","Norway",2010,385,186,1,1,1,1,NA,0,1,1,1,1,1,30,10
"748","Norway",2011,385,186,1,1,1,1,NA,1,1,1,1,1,1,30,10
"749","Norway",2012,385,186,1,1,1,1,NA,0,1,1,1,1,1,30,10
"750","Norway",2013,385,186,1,NA,1,1,NA,0,1,1,1,1,1,30,10
"751","Norway",2014,385,186,0.981773734092712,NA,1,1,NA,0,NA,0,1,1,1,30,9
"752","Norway",2015,385,186,0.96354752779007,NA,1,1,NA,0,NA,NA,1,1,1,30,8
"753","Paraguay",2000,150,189,0.729840934276581,0.605071723461151,1,0,NA,0,1,1,1,0,1,20,10
"754","Paraguay",2001,150,189,0.729840934276581,0.605071723461151,1,0,NA,0,1,1,1,0,1,20,10
"755","Paraguay",2002,150,189,0.729840934276581,0.605071723461151,1,1,NA,0,1,1,1,0,1,20,10
"756","Paraguay",2003,150,189,0.729840934276581,0.605071723461151,1,0,NA,0,1,1,1,0,1,20,10
"757","Paraguay",2004,150,189,0.729840934276581,0.605071723461151,1,0,NA,0,1,1,1,0,1,20,10
"758","Paraguay",2005,150,189,0.729840934276581,0.605071723461151,1,0,NA,0,1,1,1,0,1,20,10
"759","Paraguay",2006,150,189,0.729840934276581,0.605071723461151,1,0,NA,0,1,1,1,0,1,20,10
"760","Paraguay",2007,150,189,0.729840934276581,0.605071723461151,1,0,NA,0,1,1,1,0,1,20,10
"761","Paraguay",2008,150,189,0.729840934276581,0.605071723461151,1,0,NA,0,1,1,1,0,1,20,10
"762","Paraguay",2009,150,189,0.729840934276581,0.605071723461151,1,0,NA,0,1,1,1,0,1,20,10
"763","Paraguay",2010,150,189,0.729840934276581,0.605071723461151,1,0,NA,0,1,1,1,0,1,20,10
"764","Paraguay",2011,150,189,0.729840934276581,0.605071723461151,1,0,NA,0,1,1,1,0,1,20,10
"765","Paraguay",2012,150,189,0.729840934276581,0.605071723461151,1,1,NA,0,1,1,1,0,1,20,10
"766","Paraguay",2013,150,189,0.729840934276581,NA,1,0,NA,0,1,1,1,0,1,20,10
"767","Paraguay",2014,150,189,0.711614728,NA,1,0,NA,0,NA,0,1,0,1,20,9
"768","Paraguay",2015,150,189,0.69338846206665,NA,1,0,NA,0,NA,NA,1,0,1,20,8
"769","Peru",2000,135,30,0.903998732566834,0.794492185115814,1,0,NA,0,1,1,1,1,1,20,10
"770","Peru",2001,135,30,0.903998732566834,0.794492185115814,1,0,NA,0,1,1,1,1,1,20,10
"771","Peru",2002,135,30,0.903998732566834,0.794492185115814,1,0,NA,0,1,1,1,1,1,20,10
"772","Peru",2003,135,30,0.894398629665375,0.653100073337555,1,0,NA,0,1,1,1,1,1,19,10
"773","Peru",2004,135,30,0.884798527,0.651306986808777,1,0,NA,0,1,1,1,1,1,18,10
"774","Peru",2005,135,30,0.903998732566834,0.794492185115814,1,1,NA,0,1,1,1,1,1,20,10
"775","Peru",2006,135,30,0.903998732566834,0.794492185115814,1,0,NA,0,1,1,1,1,1,20,10
"776","Peru",2007,135,30,0.903998732566834,0.794492185115814,1,1,NA,0,1,1,1,1,1,20,10
"777","Peru",2008,135,30,0.903998732566834,0.794492185115814,1,0,NA,0,1,1,1,1,1,20,10
"778","Peru",2009,135,30,0.903998732566834,0.794492185115814,1,0,NA,0,1,1,1,1,1,20,10
"779","Peru",2010,135,30,0.903998732566834,0.794492185115814,1,0,NA,0,1,1,1,1,1,20,10
"780","Peru",2011,135,30,0.903998732566834,0.794492185115814,1,0,NA,0,1,1,1,1,1,20,10
"781","Peru",2012,135,30,0.903998732566834,0.794492185115814,1,0,NA,0,1,1,1,1,1,20,10
"782","Peru",2013,135,30,0.903998732566834,NA,1,0,NA,0,1,1,1,1,1,20,10
"783","Peru",2014,135,30,0.903998732566834,NA,1,0,NA,0,1,1,1,1,1,20,10
"784","Peru",2015,135,30,0.903998732566834,NA,1,0,NA,0,1,1,1,1,1,20,10
"785","Poland",2000,290,17,0.875198364257812,0.64998596906662,1,0,NA,0,1,1,1,1,1,17,10
"786","Poland",2001,290,17,0.865598261356354,0.648948967456818,1,0,NA,0,1,1,1,1,1,16,10
"787","Poland",2002,290,17,0.903998732566834,0.794492185115814,1,1,NA,0,1,1,1,1,1,20,10
"788","Poland",2003,290,17,0.903998732566834,0.794492185115814,1,0,NA,0,1,1,1,1,1,20,10
"789","Poland",2004,290,17,0.903998732566834,0.794492185115814,1,0,NA,0,1,1,1,1,1,20,10
"790","Poland",2005,290,17,0.903998732566834,0.794492185115814,1,0,NA,0,1,1,1,1,1,20,10
"791","Poland",2006,290,17,0.903998732566834,0.794492185115814,1,0,NA,0,1,1,1,1,1,20,10
"792","Poland",2007,290,17,0.903998732566834,0.794492185115814,1,0,NA,0,1,1,1,1,1,20,10
"793","Poland",2008,290,17,0.903998732566834,0.794492185115814,1,0,NA,0,1,1,1,1,1,20,10
"794","Poland",2009,290,17,0.903998732566834,0.794492185115814,1,0,NA,0,1,1,1,1,1,20,10
"795","Poland",2010,290,17,0.903998732566834,0.794492185115814,1,0,NA,0,1,1,1,1,1,20,10
"796","Poland",2011,290,17,0.903998732566834,0.794492185115814,1,1,NA,0,1,1,1,1,1,20,10
"797","Poland",2012,290,17,0.903998732566834,0.794492185115814,1,0,NA,0,1,1,1,1,1,20,10
"798","Poland",2013,290,17,0.903998732566834,NA,1,0,NA,0,1,1,1,1,1,20,10
"799","Poland",2014,290,17,0.903998732566834,NA,1,0,NA,0,1,1,1,1,1,20,10
"800","Poland",2015,290,17,0.903998732566834,NA,1,0,NA,0,1,1,1,1,1,20,10
"801","Portugal",2000,235,21,0.729840934276581,0.605071723461151,1,0,NA,0,1,1,1,0,1,20,10
"802","Portugal",2001,235,21,0.729840934276581,0.605071723461151,1,1,NA,0,1,1,1,0,1,20,10
"803","Portugal",2002,235,21,0.729840934276581,0.605071723461151,1,0,NA,0,1,1,1,0,1,20,10
"804","Portugal",2003,235,21,0.729840934276581,0.605071723461151,1,0,NA,0,1,1,1,0,1,20,10
"805","Portugal",2004,235,21,0.729840934276581,0.605071723461151,1,0,NA,0,1,1,1,0,1,20,10
"806","Portugal",2005,235,21,0.729840934276581,0.605071723461151,1,0,NA,0,1,1,1,0,1,20,10
"807","Portugal",2006,235,21,0.729840934276581,0.605071723461151,1,0,NA,0,1,1,1,0,1,20,10
"808","Portugal",2007,235,21,0.729840934276581,0.605071723461151,1,0,NA,0,1,1,1,0,1,20,10
"809","Portugal",2008,235,21,0.729840934276581,0.605071723461151,1,0,NA,0,1,1,1,0,1,20,10
"810","Portugal",2009,235,21,0.729840934276581,0.605071723461151,1,0,NA,0,1,1,1,0,1,20,10
"811","Portugal",2010,235,21,0.729840934276581,0.605071723461151,1,0,NA,0,1,1,1,0,1,20,10
"812","Portugal",2011,235,21,0.729840934276581,0.605071723461151,1,1,NA,0,1,1,1,0,1,20,10
"813","Portugal",2012,235,21,0.729840934276581,0.605071723461151,1,0,NA,0,1,1,1,0,1,20,10
"814","Portugal",2013,235,21,0.729840934276581,NA,1,0,NA,0,1,1,1,0,1,20,10
"815","Portugal",2014,235,21,0.729840934276581,NA,1,0,NA,0,1,1,1,0,1,20,10
"816","Portugal",2015,235,21,0.711614728,NA,1,0,NA,0,NA,NA,1,0,1,20,9
"817","Romania",2000,360,190,0.903998732566834,0.794492185115814,1,0,NA,0,1,1,1,1,1,20,10
"818","Romania",2001,360,190,0.903998732566834,0.794492185115814,1,0,NA,0,1,1,1,1,1,20,10
"819","Romania",2002,360,190,0.903998732566834,0.794492185115814,1,1,NA,0,1,1,1,1,1,20,10
"820","Romania",2003,360,190,0.903998732566834,0.794492185115814,1,0,NA,0,1,1,1,1,1,20,10
"821","Romania",2004,360,190,0.903998732566834,0.794492185115814,1,0,NA,0,1,1,1,1,1,20,10
"822","Romania",2005,360,190,0.903998732566834,0.794492185115814,1,0,NA,0,1,1,1,1,1,20,10
"823","Romania",2006,360,190,0.903998732566834,0.794492185115814,1,0,NA,0,1,1,1,1,1,20,10
"824","Romania",2007,360,190,0.903998732566834,0.794492185115814,1,0,NA,0,1,1,1,1,1,20,10
"825","Romania",2008,360,190,0.903998732566834,0.794492185115814,1,0,NA,0,1,1,1,1,1,20,10
"826","Romania",2009,360,190,0.903998732566834,0.794492185115814,1,0,NA,0,1,1,1,1,1,20,10
"827","Romania",2010,360,190,0.903998732566834,0.794492185115814,1,0,NA,0,1,1,1,1,1,20,10
"828","Romania",2011,360,190,0.903998732566834,0.794492185115814,1,1,NA,0,1,1,1,1,1,20,10
"829","Romania",2012,360,190,0.903998732566834,0.794492185115814,1,0,NA,0,1,1,1,1,1,20,10
"830","Romania",2013,360,190,0.903998732566834,NA,1,0,NA,0,1,1,1,1,1,20,10
"831","Romania",2014,360,190,0.885772526264191,NA,1,0,NA,0,NA,0,1,1,1,20,9
"832","Romania",2015,360,190,0.867546260356903,NA,1,0,NA,0,NA,NA,1,1,1,20,8
"833","Russia",2000,365,11,0.702536106109619,0.514339805,1,0,NA,0,NA,0,1,1,1,18,0
"834","Russia",2001,365,11,0.69293600320816,0.51222950220108,1,0,NA,0,NA,0,1,1,1,17,0
"835","Russia",2002,365,11,0.903998732566834,0.794492185115814,1,1,NA,0,1,1,1,1,1,20,10
"836","Russia",2003,365,11,0.903998732566834,0.794492185115814,1,0,NA,0,1,1,1,1,1,20,10
"837","Russia",2004,365,11,0.903998732566834,0.794492185115814,1,0,NA,0,1,1,1,1,1,20,10
"838","Russia",2005,365,11,0.903998732566834,0.794492185115814,1,0,NA,0,1,1,1,1,1,20,10
"839","Russia",2006,365,11,0.903998732566834,0.794492185115814,1,0,NA,0,1,1,1,1,1,20,10
"840","Russia",2007,365,11,0.903998732566834,0.794492185115814,1,0,NA,0,1,1,1,1,1,20,10
"841","Russia",2008,365,11,0.903998732566834,0.794492185115814,1,0,NA,0,1,1,1,1,1,20,10
"842","Russia",2009,365,11,0.903998732566834,0.794492185115814,1,0,NA,0,1,1,1,1,1,20,10
"843","Russia",2010,365,11,0.903998732566834,0.794492185115814,1,1,NA,0,1,1,1,1,1,20,10
"844","Russia",2011,365,11,0.903998732566834,0.794492185115814,1,0,NA,0,1,1,1,1,1,20,10
"845","Russia",2012,365,11,0.903998732566834,0.794492185115814,1,0,NA,0,1,1,1,1,1,20,10
"846","Russia",2013,365,11,0.903998732566834,NA,1,0,NA,0,1,1,1,1,1,20,10
"847","Russia",2014,365,11,0.903998732566834,NA,1,0,NA,0,1,1,1,1,1,20,10
"848","Russia",2015,365,11,0.885772526264191,NA,1,0,NA,0,NA,NA,1,1,1,20,9
"849","Serbia/Yugoslavia",2000,345,198,0.633839726448059,0.492064952850342,1,0,NA,0,1,1,1,0,1,10,10
"850","Serbia/Yugoslavia",2001,345,198,0.6242396235466,0.478736072778702,1,0,NA,0,1,1,1,0,1,9,10
"851","Serbia/Yugoslavia",2002,345,198,0.633839726448059,0.492064952850342,1,1,NA,0,1,1,1,0,1,10,10
"852","Serbia/Yugoslavia",2003,345,198,0.633839726448059,0.492064952850342,1,0,NA,0,1,1,1,0,1,10,10
"853","Serbia/Yugoslavia",2004,345,198,0.633839726448059,0.492064952850342,1,0,NA,0,1,1,1,0,1,10,10
"854","Serbia/Yugoslavia",2005,345,198,0.633839726448059,0.492064952850342,1,0,NA,0,1,1,1,0,1,10,10
"855","Serbia/Yugoslavia",2006,345,198,0.633839726448059,0.492064952850342,1,0,NA,0,1,1,1,0,1,10,10
"856","Serbia/Yugoslavia",2007,345,198,0.633839726448059,0.492064952850342,1,0,NA,0,1,1,1,0,1,10,10
"857","Serbia/Yugoslavia",2008,345,198,0.633839726448059,0.492064952850342,1,0,NA,0,1,1,1,0,1,10,10
"858","Serbia/Yugoslavia",2009,345,198,0.633839726448059,0.492064952850342,1,0,NA,0,1,1,1,0,1,10,10
"859","Serbia/Yugoslavia",2010,345,198,0.633839726448059,0.492064952850342,1,0,NA,0,1,1,1,0,1,10,10
"860","Serbia/Yugoslavia",2011,345,198,0.633839726448059,0.492064952850342,1,1,NA,0,1,1,1,0,1,10,10
"861","Serbia/Yugoslavia",2012,345,198,0.633839726448059,0.492064952850342,1,0,NA,0,1,1,1,0,1,10,10
"862","Serbia/Yugoslavia",2013,345,198,0.633839726448059,NA,1,0,NA,0,1,1,1,0,1,10,10
"863","Serbia/Yugoslavia",2014,345,198,0.633839726448059,NA,1,0,NA,0,1,1,1,0,1,10,10
"864","Serbia/Yugoslavia",2015,345,198,0.633839726448059,NA,1,0,NA,0,1,1,1,0,1,10,10
"865","Spain",2000,230,96,0.903998732566834,0.794492185115814,1,0,NA,0,1,1,1,1,1,20,10
"866","Spain",2001,230,96,0.903998732566834,0.794492185115814,1,1,NA,0,1,1,1,1,1,20,10
"867","Spain",2002,230,96,0.903998732566834,0.794492185115814,1,0,NA,0,0,1,1,1,1,20,10
"868","Spain",2003,230,96,0.903998732566834,0.794492185115814,1,0,NA,0,1,1,1,1,1,20,10
"869","Spain",2004,230,96,0.903998732566834,0.794492185115814,1,0,NA,0,1,1,1,1,1,20,10
"870","Spain",2005,230,96,0.903998732566834,0.794492185115814,1,0,NA,0,1,1,1,1,1,20,10
"871","Spain",2006,230,96,0.903998732566834,0.794492185115814,1,0,NA,0,1,1,1,1,1,20,10
"872","Spain",2007,230,96,0.903998732566834,0.794492185115814,1,0,NA,0,1,1,1,1,1,20,10
"873","Spain",2008,230,96,0.903998732566834,0.794492185115814,1,0,NA,0,1,1,1,1,1,20,10
"874","Spain",2009,230,96,0.903998732566834,0.794492185115814,1,0,NA,0,1,1,1,1,1,20,10
"875","Spain",2010,230,96,0.903998732566834,0.794492185115814,1,0,NA,0,1,1,1,1,1,20,10
"876","Spain",2011,230,96,1,1,1,1,NA,1,1,1,1,1,1,30,10
"877","Spain",2012,230,96,1,1,1,1,NA,0,1,1,1,1,1,30,10
"878","Spain",2013,230,96,1,NA,1,1,NA,0,1,1,1,1,1,30,10
"879","Spain",2014,230,96,1,NA,1,1,NA,0,1,1,1,1,1,30,10
"880","Spain",2015,230,96,1,NA,1,1,NA,0,1,1,1,1,1,30,10
"881","Sweden",2000,380,5,0.894398629665375,0.653100073337555,1,0,NA,0,1,1,1,1,1,19,10
"882","Sweden",2001,380,5,0.884798527,0.651306986808777,1,0,NA,0,1,1,1,1,1,18,10
"883","Sweden",2002,380,5,0.875198364257812,0.64998596906662,1,0,NA,0,1,1,1,1,1,17,10
"884","Sweden",2003,380,5,0.865598261356354,0.648948967456818,1,0,NA,0,1,1,1,1,1,16,10
"885","Sweden",2004,380,5,0.855998158,0.648079872131348,1,0,NA,0,1,1,1,1,1,15,10
"886","Sweden",2005,380,5,0.846397995948792,0.647330224514008,1,0,NA,0,1,1,1,1,1,14,10
"887","Sweden",2006,380,5,0.836797893047333,0.646665453910828,1,0,NA,0,1,1,1,1,1,13,10
"888","Sweden",2007,380,5,0.82719779,0.646057069301605,1,0,NA,0,1,1,1,1,1,12,10
"889","Sweden",2008,380,5,0.81759762763977,0.645510613918304,1,0,NA,0,1,1,1,1,1,11,10
"890","Sweden",2009,380,5,0.807997524738312,0.638911306858063,1,0,NA,0,1,1,1,1,1,10,10
"891","Sweden",2010,380,5,0.798397422,0.631556928157806,1,0,NA,0,1,1,1,1,1,9,10
"892","Sweden",2011,380,5,1,1,1,1,NA,1,1,1,1,1,1,30,10
"893","Sweden",2012,380,5,1,1,1,1,NA,0,1,1,1,1,1,30,10
"894","Sweden",2013,380,5,1,NA,1,1,NA,0,1,1,1,1,1,30,10
"895","Sweden",2014,380,5,1,NA,1,1,NA,0,1,1,1,1,1,30,10
"896","Sweden",2015,380,5,0.981773734092712,NA,1,1,NA,0,NA,NA,1,1,1,30,9
"897","Switzerland",2000,225,6,0.729840934276581,0.605071723461151,1,1,NA,0,1,1,1,0,1,20,10
"898","Switzerland",2001,225,6,0.729840934276581,0.605071723461151,1,0,NA,0,1,1,1,0,1,20,10
"899","Switzerland",2002,225,6,0.729840934276581,0.605071723461151,1,0,NA,0,1,1,1,0,1,20,10
"900","Switzerland",2003,225,6,0.729840934276581,0.605071723461151,1,0,NA,0,1,1,1,0,1,20,10
"901","Switzerland",2004,225,6,0.729840934276581,0.605071723461151,1,0,NA,0,1,1,1,0,1,20,10
"902","Switzerland",2005,225,6,0.729840934276581,0.605071723461151,1,0,NA,0,1,1,1,0,1,20,10
"903","Switzerland",2006,225,6,0.729840934276581,0.605071723461151,1,0,NA,0,1,1,1,0,1,20,10
"904","Switzerland",2007,225,6,0.729840934276581,0.605071723461151,1,0,NA,0,1,1,1,0,1,20,10
"905","Switzerland",2008,225,6,0.729840934276581,0.605071723461151,1,0,NA,0,1,1,1,0,1,20,10
"906","Switzerland",2009,225,6,0.729840934276581,0.605071723461151,1,0,NA,0,1,1,1,0,1,20,10
"907","Switzerland",2010,225,6,1,1,1,1,NA,1,1,1,1,1,1,30,10
"908","Switzerland",2011,225,6,1,1,1,1,NA,0,1,1,1,1,1,30,10
"909","Switzerland",2012,225,6,1,1,1,1,NA,0,1,1,1,1,1,30,10
"910","Switzerland",2013,225,6,1,NA,1,1,NA,0,1,1,1,1,1,30,10
"911","Switzerland",2014,225,6,1,NA,1,1,NA,0,1,1,1,1,1,30,10
"912","Switzerland",2015,225,6,1,NA,1,1,NA,0,1,1,1,1,1,30,10
"913","Thailand",2000,800,49,0.729840934276581,0.605071723461151,1,1,NA,0,1,1,1,0,1,20,10
"914","Thailand",2001,800,49,0.729840934276581,0.605071723461151,1,0,NA,0,1,1,1,0,1,20,10
"915","Thailand",2002,800,49,0.729840934276581,0.605071723461151,1,0,NA,0,1,1,1,0,1,20,10
"916","Thailand",2003,800,49,0.729840934276581,0.605071723461151,1,0,NA,0,1,1,1,0,1,20,10
"917","Thailand",2004,800,49,0.729840934276581,0.605071723461151,1,0,NA,0,1,1,1,0,1,20,10
"918","Thailand",2005,800,49,0.711614728,0.52440220117569,1,0,NA,0,0,0,1,0,1,20,9
"919","Thailand",2006,800,49,0.729840934276581,0.605071723461151,1,0,NA,0,1,1,1,0,1,20,10
"920","Thailand",2007,800,49,0.729840934276581,0.605071723461151,1,0,NA,0,1,1,1,0,1,20,10
"921","Thailand",2008,800,49,0.711614728,0.52440220117569,1,0,NA,0,NA,0,1,0,1,20,9
"922","Thailand",2009,800,49,0.729840934276581,0.605071723461151,1,0,NA,0,1,1,1,0,1,20,10
"923","Thailand",2010,800,49,0.729840934276581,0.605071723461151,1,1,NA,0,1,1,1,0,1,20,10
"924","Thailand",2011,800,49,0.729840934276581,0.605071723461151,1,0,NA,0,1,1,1,0,1,20,10
"925","Thailand",2012,800,49,0.729840934276581,0.605071723461151,1,0,NA,0,1,1,1,0,1,20,10
"926","Thailand",2013,800,49,0.729840934276581,NA,1,0,NA,0,1,1,1,0,1,20,10
"927","Thailand",2014,800,49,0.729840934276581,NA,1,0,NA,0,1,1,1,0,1,20,10
"928","Thailand",2015,800,49,0.711614728,NA,1,0,NA,0,0,0,1,0,1,20,9
"929","Tripolitania/Libya",2000,620,124,0.711614728,0.52440220117569,1,0,NA,0,NA,0,1,0,1,20,9
"930","Tripolitania/Libya",2001,620,124,0.69338846206665,0.518162906169891,1,0,NA,0,NA,0,1,0,1,20,8
"931","Tripolitania/Libya",2002,620,124,0.729840934276581,0.605071723461151,1,0,NA,0,1,1,1,0,1,20,10
"932","Tripolitania/Libya",2003,620,124,0.729840934276581,0.605071723461151,1,0,NA,0,1,1,1,0,1,20,10
"933","Tripolitania/Libya",2004,620,124,0.729840934276581,0.605071723461151,1,0,NA,0,1,1,1,0,1,20,10
"934","Tripolitania/Libya",2005,620,124,0.720240831375122,0.516181588172913,1,0,NA,0,1,1,1,0,1,19,10
"935","Tripolitania/Libya",2006,620,124,0.729840934276581,0.605071723461151,1,1,NA,0,1,1,1,0,1,20,10
"936","Tripolitania/Libya",2007,620,124,0.729840934276581,0.605071723461151,1,0,NA,0,1,1,1,0,1,20,10
"937","Tripolitania/Libya",2008,620,124,0.711614728,0.52440220117569,1,0,NA,0,NA,0,1,0,1,20,9
"938","Tripolitania/Libya",2009,620,124,0.729840934276581,0.605071723461151,1,0,NA,0,1,1,1,0,1,20,10
"939","Tripolitania/Libya",2010,620,124,0.729840934276581,0.605071723461151,1,0,NA,0,1,1,1,0,1,20,10
"940","Tripolitania/Libya",2011,620,124,0.711614728,0.52440220117569,1,0,NA,0,NA,0,1,0,1,20,9
"941","Tripolitania/Libya",2012,620,124,0.69338846206665,0.518162906169891,1,0,NA,0,NA,0,1,0,1,20,8
"942","Tripolitania/Libya",2013,620,124,0.675162255764008,NA,1,0,NA,0,NA,0,1,0,1,20,7
"943","Tripolitania/Libya",2014,620,124,0.65693599,NA,1,0,NA,0,NA,0,1,0,1,20,6
"944","Tripolitania/Libya",2015,620,124,0.638709783554077,NA,1,0,NA,0,NA,NA,1,0,1,20,5
"945","Tunisia",2000,616,98,0.729840934276581,0.605071723461151,1,0,NA,0,1,1,1,0,1,20,10
"946","Tunisia",2001,616,98,0.729840934276581,0.605071723461151,1,0,NA,0,1,1,1,0,1,20,10
"947","Tunisia",2002,616,98,0.729840934276581,0.605071723461151,1,0,NA,0,1,1,1,0,1,20,10
"948","Tunisia",2003,616,98,0.729840934276581,0.605071723461151,1,0,NA,0,1,1,1,0,1,20,10
"949","Tunisia",2004,616,98,0.729840934276581,0.605071723461151,1,1,NA,0,1,1,1,0,1,20,10
"950","Tunisia",2005,616,98,0.729840934276581,0.605071723461151,1,0,NA,0,1,1,1,0,1,20,10
"951","Tunisia",2006,616,98,0.729840934276581,0.605071723461151,1,0,NA,0,1,1,1,0,1,20,10
"952","Tunisia",2007,616,98,0.729840934276581,0.605071723461151,1,0,NA,0,1,1,1,0,1,20,10
"953","Tunisia",2008,616,98,0.729840934276581,0.605071723461151,1,0,NA,0,1,1,1,0,1,20,10
"954","Tunisia",2009,616,98,0.729840934276581,0.605071723461151,1,0,NA,0,1,1,1,0,1,20,10
"955","Tunisia",2010,616,98,0.729840934276581,0.605071723461151,1,0,NA,0,1,1,1,0,1,20,10
"956","Tunisia",2011,616,98,0.729840934276581,0.605071723461151,1,0,NA,0,1,1,1,0,1,20,10
"957","Tunisia",2012,616,98,0.729840934276581,0.605071723461151,1,0,NA,0,1,1,1,0,1,20,10
"958","Tunisia",2013,616,98,0.729840934276581,NA,1,0,NA,0,1,1,1,0,1,20,10
"959","Tunisia",2014,616,98,0.711614728,NA,1,1,NA,0,NA,0,1,0,1,20,9
"960","Tunisia",2015,616,98,0.69338846206665,NA,1,0,NA,0,NA,NA,1,0,1,20,8
"961","Turkey",2000,640,99,0.729840934276581,0.605071723461151,1,1,NA,0,1,1,1,0,1,20,10
"962","Turkey",2001,640,99,0.729840934276581,0.605071723461151,1,0,NA,0,1,1,1,0,1,20,10
"963","Turkey",2002,640,99,0.729840934276581,0.605071723461151,1,0,NA,0,1,1,1,0,1,20,10
"964","Turkey",2003,640,99,0.729840934276581,0.605071723461151,1,0,NA,0,1,1,1,0,1,20,10
"965","Turkey",2004,640,99,0.729840934276581,0.605071723461151,1,0,NA,0,1,1,1,0,1,20,10
"966","Turkey",2005,640,99,0.729840934276581,0.605071723461151,1,0,NA,0,1,1,1,0,1,20,10
"967","Turkey",2006,640,99,0.729840934276581,0.605071723461151,1,0,NA,0,1,1,1,0,1,20,10
"968","Turkey",2007,640,99,1,1,1,1,NA,1,1,1,1,1,1,30,10
"969","Turkey",2008,640,99,1,1,1,1,NA,1,1,1,1,1,1,30,10
"970","Turkey",2009,640,99,1,1,1,1,NA,1,1,1,1,1,1,30,10
"971","Turkey",2010,640,99,1,1,1,1,NA,1,1,1,1,1,1,30,10
"972","Turkey",2011,640,99,1,1,1,1,NA,1,1,1,1,1,1,30,10
"973","Turkey",2012,640,99,1,1,1,1,NA,1,1,1,1,1,1,30,10
"974","Turkey",2013,640,99,1,NA,1,1,NA,1,1,1,1,1,1,30,10
"975","Turkey",2014,640,99,0.981773734092712,NA,1,1,NA,1,0,0,1,1,1,30,9
"976","Turkey",2015,640,99,0.96354752779007,NA,1,1,NA,1,0,0,1,1,1,30,8
"977","United Kingdom",2000,200,101,0.729840934276581,0.605071723461151,1,0,NA,0,1,1,1,0,1,20,10
"978","United Kingdom",2001,200,101,0.729840934276581,0.605071723461151,1,1,NA,0,1,1,1,0,1,20,10
"979","United Kingdom",2002,200,101,0.729840934276581,0.605071723461151,1,0,NA,0,1,1,1,0,1,20,10
"980","United Kingdom",2003,200,101,0.729840934276581,0.605071723461151,1,0,NA,0,1,1,1,0,1,20,10
"981","United Kingdom",2004,200,101,0.729840934276581,0.605071723461151,1,0,NA,0,1,1,1,0,1,20,10
"982","United Kingdom",2005,200,101,0.729840934276581,0.605071723461151,1,0,NA,0,1,1,1,0,1,20,10
"983","United Kingdom",2006,200,101,0.729840934276581,0.605071723461151,1,0,NA,0,1,1,1,0,1,20,10
"984","United Kingdom",2007,200,101,0.729840934276581,0.605071723461151,1,0,NA,0,1,1,1,0,1,20,10
"985","United Kingdom",2008,200,101,0.729840934276581,0.605071723461151,1,0,NA,0,1,1,1,0,1,20,10
"986","United Kingdom",2009,200,101,0.729840934276581,0.605071723461151,1,0,NA,0,1,1,1,0,1,20,10
"987","United Kingdom",2010,200,101,0.729840934276581,0.605071723461151,1,0,NA,0,1,1,1,0,1,20,10
"988","United Kingdom",2011,200,101,0.729840934276581,0.605071723461151,1,1,NA,0,1,1,1,0,1,20,10
"989","United Kingdom",2012,200,101,0.711614728,0.52440220117569,1,0,NA,0,NA,0,1,0,1,20,9
"990","United Kingdom",2013,200,101,0.69338846206665,NA,1,0,NA,0,NA,0,1,0,1,20,8
"991","United Kingdom",2014,200,101,0.675162255764008,NA,1,0,NA,0,NA,0,1,0,1,20,7
"992","United Kingdom",2015,200,101,0.65693599,NA,1,0,NA,0,NA,NA,1,0,1,20,6
"993","United States",2000,2,20,0.729840934276581,0.605071723461151,1,1,NA,0,1,1,1,0,1,20,10
"994","United States",2001,2,20,0.729840934276581,0.605071723461151,1,0,NA,0,1,1,1,0,1,20,10
"995","United States",2002,2,20,0.729840934276581,0.605071723461151,1,0,NA,0,1,1,1,0,1,20,10
"996","United States",2003,2,20,0.729840934276581,0.605071723461151,1,0,NA,0,1,1,1,0,1,20,10
"997","United States",2004,2,20,0.729840934276581,0.605071723461151,1,0,NA,0,0,1,1,0,1,20,10
"998","United States",2005,2,20,0.729840934276581,0.605071723461151,1,0,NA,0,1,1,1,0,1,20,10
"999","United States",2006,2,20,0.729840934276581,0.605071723461151,1,0,NA,0,1,1,1,0,1,20,10
"1000","United States",2007,2,20,0.729840934276581,0.605071723461151,1,0,NA,0,1,1,1,0,1,20,10
"1001","United States",2008,2,20,0.729840934276581,0.605071723461151,1,0,NA,0,1,1,1,0,1,20,10
"1002","United States",2009,2,20,0.729840934276581,0.605071723461151,1,0,NA,0,1,1,1,0,1,20,10
"1003","United States",2010,2,20,0.729840934276581,0.605071723461151,1,1,NA,0,1,1,1,0,1,20,10
"1004","United States",2011,2,20,0.729840934276581,0.605071723461151,1,0,NA,0,1,1,1,0,1,20,10
"1005","United States",2012,2,20,0.729840934276581,0.605071723461151,1,0,NA,0,1,1,1,0,1,20,10
"1006","United States",2013,2,20,0.711614728,NA,1,0,NA,0,NA,0,1,0,1,20,9
"1007","United States",2014,2,20,0.69338846206665,NA,1,0,NA,0,NA,0,1,0,1,20,8
"1008","United States",2015,2,20,0.675162255764008,NA,1,0,NA,0,NA,NA,1,0,1,20,7
"1009","Uruguay",2000,165,102,0.903998732566834,0.794492185115814,1,0,NA,0,1,1,1,1,1,20,10
"1010","Uruguay",2001,165,102,0.903998732566834,0.794492185115814,1,0,NA,0,1,1,1,1,1,20,10
"1011","Uruguay",2002,165,102,0.903998732566834,0.794492185115814,1,0,NA,0,1,1,1,1,1,20,10
"1012","Uruguay",2003,165,102,0.903998732566834,0.794492185115814,1,0,NA,0,1,1,1,1,1,20,10
"1013","Uruguay",2004,165,102,0.903998732566834,0.794492185115814,1,1,NA,0,1,1,1,1,1,20,10
"1014","Uruguay",2005,165,102,0.903998732566834,0.794492185115814,1,0,NA,0,1,1,1,1,1,20,10
"1015","Uruguay",2006,165,102,0.903998732566834,0.794492185115814,1,0,NA,0,1,1,1,1,1,20,10
"1016","Uruguay",2007,165,102,0.903998732566834,0.794492185115814,1,0,NA,0,1,1,1,1,1,20,10
"1017","Uruguay",2008,165,102,0.903998732566834,0.794492185115814,1,0,NA,0,1,1,1,1,1,20,10
"1018","Uruguay",2009,165,102,0.903998732566834,0.794492185115814,1,0,NA,0,1,1,1,1,1,20,10
"1019","Uruguay",2010,165,102,0.903998732566834,0.794492185115814,1,0,NA,0,1,1,1,1,1,20,10
"1020","Uruguay",2011,165,102,0.903998732566834,0.794492185115814,1,1,NA,0,1,1,1,1,1,20,10
"1021","Uruguay",2012,165,102,0.903998732566834,0.794492185115814,1,0,NA,0,1,1,1,1,1,20,10
"1022","Uruguay",2013,165,102,0.903998732566834,NA,1,0,NA,0,1,1,1,1,1,20,10
"1023","Uruguay",2014,165,102,0.903998732566834,NA,1,0,NA,0,1,1,1,1,1,20,10
"1024","Uruguay",2015,165,102,0.885772526264191,NA,1,0,NA,0,NA,NA,1,1,1,20,9
"1025","Venezuela",2000,101,51,0.894398629665375,0.653100073337555,1,0,NA,0,1,1,1,1,1,19,10
"1026","Venezuela",2001,101,51,0.903998732566834,0.794492185115814,1,1,NA,0,1,1,1,1,1,20,10
"1027","Venezuela",2002,101,51,0.903998732566834,0.794492185115814,1,0,NA,0,1,1,1,1,1,20,10
"1028","Venezuela",2003,101,51,0.903998732566834,0.794492185115814,1,0,NA,0,1,1,1,1,1,20,10
"1029","Venezuela",2004,101,51,0.885772526264191,0.652433216571808,1,0,NA,0,0,0,1,1,1,20,9
"1030","Venezuela",2005,101,51,0.867546260356903,0.647447228431702,1,0,NA,0,0,0,1,1,1,20,8
"1031","Venezuela",2006,101,51,0.84932005405426,0.644198715686798,1,0,NA,0,0,0,1,1,1,20,7
"1032","Venezuela",2007,101,51,0.831093788146973,0.641738891601562,1,0,NA,0,0,0,1,1,1,20,6
"1033","Venezuela",2008,101,51,0.81286758184433,0.639697074890137,1,0,NA,0,0,0,1,1,1,20,5
"1034","Venezuela",2009,101,51,0.794641315937042,0.637935519218445,1,0,NA,0,0,0,1,1,1,20,4
"1035","Venezuela",2010,101,51,0.776415109634399,0.636372447,1,0,NA,0,0,0,1,1,1,20,3
"1036","Venezuela",2011,101,51,0.758188843727112,0.635000646114349,1,1,NA,0,0,0,1,1,1,20,2
"1037","Venezuela",2012,101,51,0.739962577819824,0.633832395076752,1,0,NA,0,0,0,1,1,1,20,1
"1038","Venezuela",2013,101,51,0.721736371517181,NA,1,0,NA,0,0,0,1,1,1,20,0
"1039","Venezuela",2014,101,51,0.721736371517181,NA,1,0,NA,0,0,0,1,1,1,20,0
"1040","Venezuela",2015,101,51,0.721736371517181,NA,1,0,NA,0,0,0,1,1,1,20,0
"1041","Vietnam",2000,817,35,0.729840934276581,0.605071723461151,1,0,NA,0,1,1,1,0,1,20,10
"1042","Vietnam",2001,817,35,0.729840934276581,0.605071723461151,1,0,NA,0,1,1,1,0,1,20,10
"1043","Vietnam",2002,817,35,0.729840934276581,0.605071723461151,1,0,NA,0,1,1,1,0,1,20,10
"1044","Vietnam",2003,817,35,0.729840934276581,0.605071723461151,1,0,NA,0,1,1,1,0,1,20,10
"1045","Vietnam",2004,817,35,0.729840934276581,0.605071723461151,1,0,NA,0,1,1,1,0,1,20,10
"1046","Vietnam",2005,817,35,0.729840934276581,0.605071723461151,1,1,NA,0,1,1,1,0,1,20,10
"1047","Vietnam",2006,817,35,0.729840934276581,0.605071723461151,1,0,NA,0,1,1,1,0,1,20,10
"1048","Vietnam",2007,817,35,0.729840934276581,0.605071723461151,1,0,NA,0,1,1,1,0,1,20,10
"1049","Vietnam",2008,817,35,0.729840934276581,0.605071723461151,1,0,NA,0,1,1,1,0,1,20,10
"1050","Vietnam",2009,817,35,0.729840934276581,0.605071723461151,1,1,NA,0,1,1,1,0,1,20,10
"1051","Vietnam",2010,817,35,0.729840934276581,0.605071723461151,1,0,NA,0,1,1,1,0,1,20,10
"1052","Vietnam",2011,817,35,0.729840934276581,0.605071723461151,1,0,NA,0,1,1,1,0,1,20,10
"1053","Vietnam",2012,817,35,0.729840934276581,0.605071723461151,1,0,NA,0,1,1,1,0,1,20,10
"1054","Vietnam",2013,817,35,0.729840934276581,NA,1,0,NA,0,1,1,1,0,1,20,10
"1055","Vietnam",2014,817,35,0.729840934276581,NA,1,0,NA,0,1,1,1,0,1,20,10
"1056","Vietnam",2015,817,35,0.711614728,NA,1,0,NA,0,NA,NA,1,0,1,20,9
"1057","Yemen",2000,679,14,NA,0.486889094114304,NA,0,NA,0,1,1,0,0,NA,20,10
"1058","Yemen",2001,679,14,NA,0.434277504682541,NA,0,NA,0,NA,0,0,0,NA,20,9
"1059","Yemen",2002,679,14,NA,0.4277723133564,NA,0,NA,0,NA,0,0,0,NA,20,8
"1060","Yemen",2003,679,14,NA,0.486889094114304,NA,0,NA,0,1,1,0,0,NA,20,10
"1061","Yemen",2004,679,14,NA,0.486889094114304,NA,1,NA,0,1,1,0,0,NA,20,10
"1062","Yemen",2005,679,14,NA,0.486889094114304,NA,0,NA,0,1,1,0,0,NA,20,10
"1063","Yemen",2006,679,14,NA,0.486889094114304,NA,0,NA,0,1,1,0,0,NA,20,10
"1064","Yemen",2007,679,14,NA,0.486889094114304,NA,0,NA,0,1,1,0,0,NA,20,10
"1065","Yemen",2008,679,14,NA,0.434277504682541,NA,0,NA,0,NA,0,0,0,NA,20,9
"1066","Yemen",2009,679,14,NA,0.486889094114304,NA,0,NA,0,1,1,0,0,NA,20,10
"1067","Yemen",2010,679,14,NA,0.486889094114304,NA,1,NA,0,1,1,0,0,NA,20,10
"1068","Yemen",2011,679,14,NA,0.486889094114304,NA,0,NA,0,1,1,0,0,NA,20,10
"1069","Yemen",2012,679,14,NA,0.486889094114304,NA,0,NA,0,1,1,0,0,NA,20,10
"1070","Yemen",2013,679,14,NA,NA,NA,0,NA,0,NA,0,0,0,NA,20,9
"1071","Yemen",2014,679,14,NA,NA,NA,1,NA,0,NA,0,0,0,NA,20,8
"1072","Yemen",2015,679,14,NA,NA,NA,0,NA,0,NA,NA,0,0,NA,20,7
